"Iteration: Iteration","L/D Monitor: Expression"
1,1.1935249843443283
2,1.1944652344027498
3,1.0778243692477076
4,0.99124819584745971
5,1.0899695382967769
6,1.274856540627318
7,1.5872154812517523
8,2.0490023531290502
9,2.616251519727129
10,3.2547470094309814
11,3.5968269527864418
12,3.8259679910917814
13,4.0805167019577544
14,4.3494377753258719
15,4.6283150752552604
16,4.8941166266057055
17,5.1718056593850346
18,5.3576562390545739
19,5.5982566962129567
20,5.8161089869948581
21,6.0630791765012502
22,6.3178268748742639
23,6.586523395100973
24,6.8574786070101785
25,7.1245040047541046
26,7.3860115120091665
27,7.6379067228647655
28,7.8859448528569658
29,8.1396110370347827
30,8.4023503775925494
31,8.6664940514704476
32,8.9340275439465309
33,9.2050174840262553
34,9.4915125097751272
35,9.7824181176666922
36,10.088201275481737
37,10.406831009375592
38,10.735800387943087
39,11.0870878200679
40,11.452277771176639
41,11.840576483256005
42,12.248842782139851
43,12.681131966983809
44,13.129350649838045
45,13.560949501121106
46,14.059785803847973
47,14.586793176106033
48,15.131540016169739
49,15.709818101455708
50,16.28965745366099
51,16.908187617318681
52,17.641431103646859
53,18.205712160268511
54,18.936672994186932
55,19.599672558037003
56,20.271813169066913
57,20.953976063345543
58,21.530262025128529
59,22.348148934104788
60,22.895713080722238
61,23.49934294312061
62,24.103102400625485
63,24.63956815431122
64,25.013054121128189
65,25.546745359658491
66,25.81694025694221
67,26.148996524195457
68,26.28053380161592
69,26.411428130464579
70,26.431168400007927
71,26.382416467763694
72,26.344708963001839
73,26.117146686331953
74,26.031731589310233
75,25.694500871548847
76,25.488815318117368
77,25.244654674001676
78,25.013418946268178
79,24.712358955010558
80,24.502143605098365
81,24.221673225953566
82,24.027762397214136
83,23.774112523071679
84,23.59686934370897
85,23.353180355201641
86,23.165408411073148
87,23.037943334880097
88,22.875529613957688
89,22.783073676240473
90,22.68036998753275
91,22.623059868716087
92,22.564713144229994
93,22.5688207678295
94,22.555386941657776
95,22.584729396296574
96,22.644103988321657
97,22.712916228122012
98,22.812316680222025
99,22.930271092388942
100,23.075628962248462
101,23.245090272495933
102,23.440173188209787
103,23.63611219970312
104,23.887323465922922
105,24.139901366795275
106,24.431627022724861
107,24.766303837554698
108,25.10903189183594
109,25.488826260531017
110,25.867155715317772
111,26.273005342611661
112,26.688100489066258
113,27.148372041068185
114,27.635556724004267
115,28.125942448256843
116,28.626362848454001
117,29.122340378207273
118,29.623039488322593
119,30.108486564867736
120,30.5665302817279
121,31.028287720013012
122,31.417853569171434
123,31.807661811912148
124,32.179379397393653
125,32.50566691509232
126,32.756821290181982
127,32.940219338443789
128,33.088441236285114
129,33.180014237405842
130,33.250703959416342
131,33.2800817691326
132,33.300449466957964
133,33.287952631196127
134,33.251003577178118
135,33.205397876382094
136,33.174100111880904
137,33.162205137104692
138,33.172306666000331
139,33.202775387451481
140,33.25405003813129
141,33.311959987313237
142,33.395760203808301
143,33.46979749011583
144,33.604386995273082
145,33.697800607892873
146,33.807750437097418
147,33.927560771355203
148,34.001406203707532
149,34.095542284655998
150,34.07250941792546
151,34.01722142799121
152,33.85163936537441
153,33.611492364885635
154,33.292776037123389
155,32.899716618823867
156,32.415070125739319
157,31.84244103842142
158,31.184706610826755
159,30.457074068014538
160,29.697866837125577
161,28.940409430819237
162,28.172428458383433
163,27.406318229893426
164,26.667113295473747
165,25.967035876096276
166,25.301330926880123
167,24.70417875664306
168,24.144832719269267
169,23.636818044281419
170,23.195127291928287
171,22.813516670623912
172,22.499635569473501
173,22.237712824777084
174,22.053861294271357
175,21.914096612432662
176,21.826960126113129
177,21.786685967138098
178,21.811242244446159
179,21.877367729214136
180,21.97427525797977
181,22.100861618339479
182,22.240457238650887
183,22.411407652496074
184,22.599213111912093
185,22.789665817068649
186,22.983321439509975
187,23.179698300513142
188,23.375384904019661
189,23.56453250500725
190,23.745898327770355
191,23.905765212478773
192,24.058991705781029
193,24.195169544583852
194,24.324146959623473
195,24.43041105918515
196,24.519287793389903
197,24.58170024103611
198,24.624228916599112
199,24.648467512475563
200,24.665978247148011
201,24.66028571808728
202,24.652651747282128
203,24.633365506302447
204,24.593450131799187
205,24.559064512738974
206,24.530931464609129
207,24.511787302113884
208,24.494942348827362
209,24.503218934118056
210,24.521758488881169
211,24.552946073176631
212,24.587572724799717
213,24.642298535318417
214,24.707316201476463
215,24.786564243365859
216,24.872505774876707
217,24.980478310137521
218,25.108737456227924
219,25.24295378766784
220,25.395623975451858
221,25.572581751901467
222,25.775929687597529
223,25.992390508503004
224,26.241300892072204
225,26.523317422364709
226,26.864588575649837
227,27.218057529248576
228,27.596901701198941
229,27.982975747957145
230,28.394197419573018
231,28.813808362709011
232,29.226369834368327
233,29.616172174027987
234,29.883419587437672
235,30.262855304049488
236,30.460684939581494
237,30.640579142195087
238,30.763167395427271
239,30.816583608129907
240,30.796649654877889
241,30.692544542942915
242,30.521416654092555
243,30.301932358135289
244,29.945606797173202
245,29.711041495823338
246,29.464440750005537
247,29.15679298197761
248,28.991800924105426
249,28.767705734874067
250,28.656888522312119
251,28.516422875013617
252,28.463382306974129
253,28.41379693663368
254,28.41175686041484
255,28.435834795267969
256,28.485993414609776
257,28.60169198178987
258,28.702398610738165
259,28.884425608601266
260,29.014907577112318
261,29.232245995213908
262,29.370661773660682
263,29.575834198732583
264,29.72795096576073
265,29.828619959774301
266,29.968163891028311
267,30.037622220316116
268,30.128302002529939
269,30.171261173746679
270,30.226985885294997
271,30.257533271654395
272,30.298053045922707
273,30.322693701972074
274,30.367019625657676
275,30.401327568379379
276,30.464943316032802
277,30.515114379110965
278,30.600697261747353
279,30.667969347756724
280,30.752794060513892
281,30.840879933304912
282,30.937471898743077
283,31.040436476102929
284,31.143660381705846
285,31.243828907852798
286,31.333786118447858
287,31.410943988767702
288,31.470380794665633
289,31.509707309647101
290,31.529160596979082
291,31.529312820385012
292,31.513790910264373
293,31.48984908250781
294,31.450342772460093
295,31.387498173482591
296,31.360168624745949
297,31.335983833625182
298,31.334952244464844
299,31.347888561636378
300,31.36582930270389
301,31.413869843902866
302,31.454346209016595
303,31.52359016742329
304,31.574954227320692
305,31.645575836019198
306,31.724035834509483
307,31.81114479417856
308,31.89944696557788
309,32.013313842005026
310,32.074961207686705
311,32.143017293416086
312,32.221414648190297
313,32.256435750440119
314,32.286449315695862
315,32.309700699896283
316,32.31351627834799
317,32.316817974144129
318,32.313783381709129
319,32.312867457578008
320,32.314932849767416
321,32.323230219592169
322,32.342833990646469
323,32.362040348616439
324,32.397933968716536
325,32.43059025238604
326,32.485079845933178
327,32.525615107538208
328,32.577430282277021
329,32.632473199105242
330,32.688765542561711
331,32.744656755280857
332,32.81639034008915
333,32.857534359637675
334,32.903523778284303
335,32.955851444207006
336,32.97923075898872
337,33.001005140670394
338,33.016901319704139
339,33.024858885794742
340,33.026172984671263
341,33.023615770466755
342,33.018812107801196
343,33.0199486085343
344,33.025668081107703
345,33.032674949729753
346,33.049087347460755
347,33.064647601073013
348,33.09187491900262
349,33.113239067313238
350,33.151064670593726
351,33.180559739162916
352,33.216503959386976
353,33.249757857787145
354,33.284816577958075
355,33.318566400930635
356,33.35219589060781
357,33.391112497078588
358,33.411585612530935
359,33.439525371931431
360,33.454128461078049
361,33.47039564142537
362,33.477156536526515
363,33.48089641059687
364,33.483370243370281
365,33.486804752549745
366,33.49130762423642
367,33.500541736836162
368,33.508423766407198
369,33.525475563538812
370,33.541959798263747
371,33.568345527314506
372,33.603636519348498
373,33.629535224802815
374,33.662238604282642
375,33.697582199961843
376,33.733527757732574
377,33.770082088999089
378,33.808180622270719
379,33.84863750456293
380,33.889834253539682
381,33.929700721146766
382,33.967211137315211
383,34.001411940458546
384,34.031046977366401
385,34.057289925806174
386,34.081234395227497
387,34.101399244269778
388,34.118650620877872
389,34.134770553618296
390,34.14534914706762
391,34.163046274656864
392,34.175008795113513
393,34.192504772518134
394,34.203654963285693
395,34.219640827613503
396,34.229523611753301
397,34.244086979937137
398,34.254026796440165
399,34.266617095014837
400,34.278033880063276
401,34.288109511695104
402,34.297721983138494
403,34.308416325242369
404,34.321247831656407
405,34.335335078761545
406,34.349938418942457
407,34.365180355612722
408,34.380805505248084
409,34.397678095469388
410,34.410285382821826
411,34.430857278909841
412,34.44564774934026
413,34.468840490019772
414,34.484105356729636
415,34.507629655527921
416,34.523265125642951
417,34.546312033821955
418,34.562088493305815
419,34.586131545636839
420,34.602202372577025
421,34.62721139411844
422,34.643710783117861
423,34.664189153961601
424,34.683449347151054
425,34.70012977991324
426,34.71778178709463
427,34.735862536717953
428,34.754398718928691
429,34.773107854859752
430,34.791518855996493
431,34.809489598334594
432,34.830295174118433
433,34.843499464375334
434,34.864420299833405
435,34.877991809742696
436,34.897747100435026
437,34.909872956131636
438,34.927551576980782
439,34.938606000443805
440,34.95482696219473
441,34.965279391006661
442,34.981170302503543
443,34.991240128615537
444,35.006516495361574
445,35.016215439273807
446,35.03036085659393
447,35.041712125607667
448,35.051940035521696
449,35.063248936170829
450,35.076650853322406
451,35.09344595494872
452,35.10485121962536
453,35.124874158654187
454,35.138090452949449
455,35.158605559679074
456,35.173505456463204
457,35.188587326042253
458,35.203757641739237
459,35.218628008071079
460,35.232926230535305
461,35.247175763382359
462,35.261252648831331
463,35.275043413091161
464,35.28850700059018
465,35.301661368552494
466,35.314603891491004
467,35.327443680656884
468,35.340245879121255
469,35.351278096593155
470,35.366130703206522
471,35.37574524855436
472,35.394337282041384
473,35.404568418836398
474,35.423205390686711
475,35.433611162618227
476,35.452471320012343
477,35.462578338477392
478,35.480498100021514
479,35.49056680303687
480,35.507989726267887
481,35.519748803692011
482,35.534109901597951
483,35.546674838665389
484,35.559857025238557
485,35.571097810904398
486,35.583137093451988
487,35.593952671477453
488,35.605800153256354
489,35.616372908207452
490,35.628126320128693
491,35.637227127376825
492,35.650710431918142
493,35.659030901626863
494,35.67303978440065
495,35.681744048354986
496,35.696470825917899
497,35.705356081824668
498,35.720054395641007
499,35.730900600931214
500,35.743091324197479
501,35.754911270720186
502,35.766113532648234
503,35.776823786429524
504,35.787209069968952
505,35.797337930148267
506,35.807272828451389
507,35.816900869671592
508,35.826308798205389
509,35.835548695707921
510,35.844682303332185
511,35.853754974710021
512,35.862830013811028
513,35.871980160941405
514,35.881252893540299
515,35.890673555789057
516,35.900251688942554
517,35.909969372440649
518,35.919821809843626
519,35.929792515463816
520,35.939745044594872
521,35.949881614740335
522,35.959970613653589
523,35.969956489543073
524,35.979810491360489
525,35.989492387223301
526,35.998892193384087
527,36.008205764332338
528,36.017434737218679
529,36.026533444345226
530,36.035490082015734
531,36.044337199164524
532,36.053115670234654
533,36.061859917364806
534,36.070921684330173
535,36.079681298059292
536,36.088399745683652
537,36.097183208854254
538,36.106053434199602
539,36.114997430926834
540,36.123980614526666
541,36.132964208961262
542,36.141908391073002
543,36.150771391002422
544,36.159508207631362
545,36.168089601718663
546,36.176486479170265
547,36.184692459636608
548,36.192723522470629
549,36.200588627730902
550,36.208294744752138
551,36.215872074761556
552,36.22335790199439
553,36.230790394792848
554,36.238203544055864
555,36.245634766860093
556,36.253104871251459
557,36.260635365173421
558,36.268230607026581
559,36.275901775906654
560,36.283648272898496
561,36.291467832359118
562,36.29933857273992
563,36.307242680125995
564,36.315149744520454
565,36.323030095108969
566,36.330846026373855
567,36.338570963203324
568,36.346179304107196
569,36.353672284873284
570,36.361043083490159
571,36.368296729370449
572,36.375434172250003
573,36.382477691922425
574,36.389522240474271
575,36.396426026943843
576,36.403262675531067
577,36.410070655241981
578,36.416861466559077
579,36.423645746214092
580,36.430421881546863
581,36.437196152040862
582,36.443960661502004
583,36.450710602527664
584,36.45742878096604
585,36.464107307253187
586,36.470730449416529
587,36.477277901132794
588,36.483733007303599
589,36.490090726074961
590,36.4963403965724
591,36.502500258399706
592,36.508564654830494
593,36.514544718136541
594,36.520450271394836
595,36.526301978030347
596,36.532111040312707
597,36.537893758809901
598,36.543650090017188
599,36.549404295715377
600,36.555162251495041
601,36.560935690556413
602,36.566720570868107
603,36.572522483159183
604,36.578333751189433
605,36.584146944080722
606,36.589942810496957
607,36.595713610342912
608,36.601448034607508
609,36.607141615314326
610,36.612776989232628
611,36.618349466010628
612,36.623861607655328
613,36.629307644879098
614,36.63469048661765
615,36.640018475263147
616,36.645303120348345
617,36.650555494639804
618,36.65578551770583
619,36.661001915203904
620,36.666211343926065
621,36.671418871549726
622,36.676628644714121
623,36.681843128387882
624,36.687062161034035
625,36.692282922626866
626,36.697499990284008
627,36.702707286616224
628,36.707894125659728
629,36.71305031475012
630,36.718166141625233
631,36.723231308573133
632,36.728238823811161
633,36.733183746371672
634,36.738062561306378
635,36.742873942979976
636,36.747618577655558
637,36.752297733843868
638,36.756913299797816
639,36.761470641609364
640,36.765973212313853
641,36.770423259055853
642,36.774653828148537
643,36.779196984018384
644,36.783659973527335
645,36.787995721259215
646,36.792245663930565
647,36.796442517781685
648,36.800598942245493
649,36.804717977571606
650,36.808799747720585
651,36.812840708504481
652,36.816837110599245
653,36.82078774417554
654,36.824692967428213
655,36.828555548679326
656,36.832376484546359
657,36.836158113684775
658,36.839903314934446
659,36.843615320076928
660,36.847297772385588
661,36.85095432969851
662,36.85458693422629
663,36.858198449005599
664,36.861790660183068
665,36.865366129424238
666,36.868925043478626
667,36.872466719184942
668,36.875990916710265
669,36.87949618938211
670,36.882981018184992
671,36.886442782525073
672,36.889879116424218
673,36.893289093915044
674,36.896672088498981
675,36.900027423190082
676,36.903354975870755
677,36.906655849102634
678,36.91007563140731
679,36.913036431457826
680,36.916435139840011
681,36.919429143368511
682,36.92282135343256
683,36.925798819223793
684,36.929156623773338
685,36.932106768206083
686,36.935434654831866
687,36.938363881203465
688,36.941669348955458
689,36.944585005495995
690,36.947871822598231
691,36.950776898017054
692,36.953924666261003
693,36.95707211805631
694,36.960173246316053
695,36.963242522404165
696,36.966295260215695
697,36.969339589488207
698,36.972377285188237
699,36.975408337246513
700,36.978432785937436
701,36.981449327748841
702,36.984455227051491
703,36.987450433917672
704,36.990434226617126
705,36.993402782559492
706,36.996207669455764
707,36.999166117478914
708,37.002128142530644
709,37.00505117615608
710,37.007928740689493
711,37.010764764901786
712,37.013564106029619
713,37.016328189825479
714,37.019056626454002
715,37.021749389220069
716,37.024405315196496
717,37.027075645802405
718,37.029619479202644
719,37.032154777884259
720,37.034666345726116
721,37.037148080270512
722,37.039598932064145
723,37.042020926270823
724,37.044415837738605
725,37.046786278552304
726,37.049134012692342
727,37.05146080266104
728,37.053769066675834
729,37.056059792955693
730,37.058334234270681
731,37.060592605944869
732,37.06283573847606
733,37.065063581238334
734,37.06727669803098
735,37.069474784716675
736,37.071658213861461
737,37.073826666850216
738,37.075980536555633
739,37.07811941254532
740,37.080243604844625
741,37.082352753910691
742,37.084447271699126
743,37.086526792354057
744,37.088591625616004
745,37.090641357391618
746,37.092676325341543
747,37.094696030875589
748,37.096700603349305
749,37.098689427508027
750,37.100662569124609
751,37.102619317526241
752,37.104559650761047
753,37.106482839231397
754,37.108388865554048
755,37.110277016173711
756,37.112147387401805
757,37.113999455703485
758,37.115833536609102
759,37.117649346671016
760,37.119447361946698
761,37.121227451001367
762,37.122990253980404
763,37.124735703301354
764,37.126464596414834
765,37.128176928033682
766,37.129873446485803
767,37.131554170681937
768,37.133219879180622
769,37.134870534833652
770,37.136506779084826
771,37.138128471523785
772,37.139736163007981
773,37.141329653137809
774,37.142909445272196
775,37.144475289002635
776,37.146027670711462
777,37.147566363519402
778,37.149091908851858
779,37.150604113221291
780,37.15210355384086
781,37.153590077512241
782,37.15506428056554
783,37.156526035192371
784,37.157975955929608
785,37.159413897408129
786,37.160840418580129
787,37.162255340824657
788,37.16365917039704
789,37.165051676651217
790,37.166433297956239
791,37.167803751398331
792,37.169151950713704
793,37.170505212735755
794,37.171847328650458
795,37.173176555195738
796,37.174493654614835
797,37.175798882056412
798,37.177093026884954
799,37.178376013266465
800,37.179648413399335
801,37.18090996799728
802,37.1821611504608
803,37.183401671863336
804,37.184632021750495
805,37.185851950279599
806,37.187061937603126
807,37.188261740277831
808,37.189451828340161
809,37.19063195150224
810,37.191802592788299
811,37.19296350269677
812,37.194115081580819
813,37.195257055990936
814,37.19638987107782
815,37.197513244178005
816,37.198627609590709
817,37.199732682007252
818,37.200828890113193
819,37.20194333664535
820,37.202951385941468
821,37.2040686981818
822,37.205076069523045
823,37.206180759370064
824,37.207205504184003
825,37.208219727521389
826,37.20923866216102
827,37.210257558490369
828,37.21127137327381
829,37.212277224556878
830,37.213274874419454
831,37.214264137583854
832,37.215245790391215
833,37.21621976505336
834,37.217186609894071
835,37.218146052222892
836,37.219098541495704
837,37.220043749451101
838,37.220982107888965
839,37.221913306468785
840,37.222837791371283
841,37.223755279144513
842,37.224666244413406
843,37.225570379856187
844,37.226468199617607
845,37.227359360379502
846,37.228244334150915
847,37.229122813437982
848,37.229995236556356
849,37.23086128458143
850,37.231721377939735
851,37.232575176283888
852,37.233423075237042
853,37.234264724657649
854,37.23510050966344
855,37.235930064329544
856,37.236753777246875
857,37.237571284035063
858,37.238382955994382
859,37.239188425410156
860,37.239988065417144
861,37.24078150668209
862,37.24156912521525
863,37.242350570324376
864,37.243126242357164
865,37.243895794050133
866,37.244659630823499
867,37.24541740897741
868,37.24616953465646
869,37.246915684729622
870,37.247656266942229
871,37.248390958157763
872,37.249120184426573
873,37.249843620871722
874,37.250561671750077
875,37.251274024911339
876,37.251981119509033
877,37.252682650422599
878,37.253379053334946
879,37.25407001626882
880,37.254755964067094
881,37.255436642370462
882,37.256112468024924
883,37.256783130865131
884,37.257449033079602
885,37.258109859598214
886,37.258766032585356
887,37.259417242395777
888,37.260063906303287
889,37.260705735042045
890,37.261343142119685
891,37.261975801389234
892,37.262604106374233
893,37.263227718178896
894,37.263847024057931
895,37.264461688069865
896,37.265072087812563
897,37.265677889528654
898,37.266279448089932
899,37.266876419477519
900,37.267469168284435
901,37.268057351394788
902,37.268641320930278
903,37.269220735959351
904,37.269795951470215
905,37.270366629474807
906,37.270933118129783
907,37.271495081388139
908,37.272052884065644
909,37.27260619206865
910,37.273155371259328
911,37.273700087845668
912,37.274240696323965
913,37.274776868894492
914,37.275308972257783
915,37.275836682982217
916,37.276360363799192
917,37.276879703852551
918,37.277395066058155
919,37.277906136065674
920,37.278413289758049
921,37.278916218452693
922,37.279415297441005
923,37.279910224428399
924,37.280401366592393
925,37.28088902178952
926,37.281372433475347
927,37.281851977615631
928,37.282327453668849
929,37.282799357964336
930,37.283267573540186
931,37.283732339598679
932,37.284193449614705
933,37.284651112773247
934,37.285105562788587
935,37.285555963430035
936,37.286002710094159
937,37.286445581702999
938,37.28688508804305
939,37.287321098702584
940,37.287753909880401
941,37.288183852205684
942,37.288610044907799
943,37.289032825760309
944,37.289451960229989
945,37.289867907207444
946,37.290280517025167
947,37.290690047123178
948,37.291096852383824
949,37.291500065306685
950,37.291900055790684
951,37.292296587259628
952,37.292690129641265
953,37.293081067471817
954,37.293468616986949
955,37.293853129076723
956,37.294234416355067
957,37.294612885170217
958,37.294988876902998
959,37.295361547675014
960,37.295731243812256
961,37.296097769297447
962,37.296461544419238
963,37.296822933861002
964,37.297181093699727
965,37.297536395717444
966,37.297888644088182
967,37.298238265534778
968,37.298585614819274
969,37.298929855920157
970,37.299271347903421
971,37.299609896851834
972,37.299945929438231
973,37.3002798099131
974,37.300610690996315
975,37.300938937686588
976,37.30126435651561
977,37.301587362522802
978,37.301908330991651
979,37.302226414640359
980,37.302541966102289
981,37.30285478613763
982,37.303165287333719
983,37.303473844327648
984,37.30377961403638
985,37.30408294875523
986,37.304383636530659
987,37.304682094352508
988,37.304978698927265
989,37.305272590693363
990,37.305564144569189
991,37.30585317142129
992,37.306140074548907
993,37.306425258056329
994,37.306707864537564
995,37.306988249031022
996,37.307266198955261
997,37.307542106648029
998,37.307816379665525
999,37.30808816024566
1000,37.308357815050115
1001,37.308625138226709
1002,37.308890506528044
1003,37.309154347173028
1004,37.309415789228822
1005,37.309675189004999
1006,37.309932335376494
1007,37.310187597557402
1008,37.310441412595843
1009,37.31069289882155
1010,37.310942426315542
1011,37.311189754280228
1012,37.31143525598349
1013,37.311679370651532
1014,37.311921213945936
1015,37.312161162990165
1016,37.312398978432483
1017,37.312635023481583
1018,37.312869748843966
1019,37.313102267997252
1020,37.313332965826646
1021,37.313561598305526
1022,37.313788534031985
1023,37.314014233248464
1024,37.314237805387002
1025,37.314459644294757
1026,37.314679505057285
1027,37.31489774283893
1028,37.315114826503304
1029,37.315329858273074
1030,37.315543237916643
1031,37.315755264558319
1032,37.315965240827609
1033,37.316173630225684
1034,37.316380284039781
1035,37.316585447729857
1036,37.316789675222694
1037,37.316991972847255
1038,37.317192681540448
1039,37.317392095649339
1040,37.317589511901424
1041,37.317785383325045
1042,37.317979573874865
1043,37.31817234224583
1044,37.318364262376363
1045,37.318554339058942
1046,37.318742927316904
1047,37.318930333829975
1048,37.31911583900586
1049,37.31929989887692
1050,37.319482889975077
1051,37.319664128050078
1052,37.319844011632114
1053,37.320022974495686
1054,37.320200283724418
1055,37.320376233782881
1056,37.320551250495278
1057,37.320724576945651
1058,37.320896513292524
1059,37.321067499040225
1060,37.321236794014588
1061,37.321404739563697
1062,37.321571768129374
1063,37.321737138394354
1064,37.321901188081732
1065,37.322064342821811
1066,37.322225862779476
1067,37.322386075068799
1068,37.32254541914326
1069,37.322703154039608
1070,37.32285962084859
1071,37.323015263321047
1072,37.32316934577053
1073,37.323322196326799
1074,37.323474260838076
1075,37.323624797283941
1076,37.323774147093303
1077,37.323922749792153
1078,37.324069862068498
1079,37.324215816013457
1080,37.324361059392807
1081,37.324504824014362
1082,37.324647437975941
1083,37.324789348894392
1084,37.324929793530565
1085,37.325069113190359
1086,37.32520775491551
1087,37.325344946058003
1088,37.32548103667272
1089,37.325616470086459
1090,37.325750482680135
1091,37.325883419983285
1092,37.326015731687171
1093,37.326146644998211
1094,37.326276514154905
1095,37.32640578581659
1096,37.326533687408499
1097,37.326660571496532
1098,37.326786889619207
1099,37.326911860750904
1100,37.327035839383051
1101,37.327159281152085
1102,37.327281396328047
1103,37.327402539129949
1104,37.327523164402557
1105,37.327642479568226
1106,37.327760835565805
1107,37.327878690612629
1108,37.32799525100846
1109,37.32811087908302
1110,37.328226025554734
1111,37.328339894058324
1112,37.328452853177403
1113,37.328565356146989
1114,37.328676597423012
1115,37.328786953194637
1116,37.328896875641924
1117,37.329005559384584
1118,37.329113372267543
1119,37.329220769306609
1120,37.329326947461816
1121,37.329432282406771
1122,37.329537227275083
1123,37.329640963868727
1124,37.329743874801238
1125,37.329846414198961
1126,37.329947767478288
1127,37.330048321619515
1128,37.33014852343188
1129,37.330247554033591
1130,37.330345794171052
1131,37.330443700944784
1132,37.330540450747229
1133,37.330636432224821
1134,37.330732102419589
1135,37.330826628814116
1136,37.330920401694556
1137,37.331013878191818
1138,37.33110621843263
1139,37.331197821436035
1140,37.331289150563386
1141,37.33137935632049
1142,37.331468836976761
1143,37.331558057795796
1144,37.331646168030694
1145,37.331733567428209
1146,37.331820726914863
1147,37.331906788971189
1148,37.331992163974746
1149,37.332077316456555
1150,37.332161388853727
1151,37.332244785346049
1152,37.332327976126777
1153,37.332410099318501
1154,37.332491567866924
1155,37.332572858817514
1156,37.332653095343282
1157,37.332732691980794
1158,37.332812126531707
1159,37.33289051888282
1160,37.332968277796802
1161,37.333045890837369
1162,37.333122471548066
1163,37.333198435517232
1164,37.333274266933522
1165,37.333349076354203
1166,37.33342327923225
1167,37.333497364875228
1168,37.333570442875946
1169,37.33364293572992
1170,37.33371533673553
1171,37.33378674001878
1172,37.333857565363665
1173,37.333928311774351
1174,37.333998070453838
1175,37.334067263203771
1176,37.334136397931616
1177,37.334204553236617
1178,37.334272153902774
1179,37.334339700563973
1180,37.334406265907951
1181,37.334472283380371
1182,37.334538268705877
1183,37.334603287296424
1184,37.334667768734342
1185,37.334732228004036
1186,37.334795726390816
1187,37.334858693965785
1188,37.334921657172785
1189,37.334983668410942
1190,37.335045167530822
1191,37.335106680006646
1192,37.335167253465919
1193,37.335227326782871
1194,37.33528742679681
1195,37.335346598623907
1196,37.335405286153737
1197,37.335464018373187
1198,37.335521832702973
1199,37.335579173308645
1200,37.335636573318688
1201,37.335693062607284
1202,37.335749087411408
1203,37.33580518455296
1204,37.335860349526925
1205,37.335915057766279
1206,37.335969919852488
1207,37.336023815697672
1208,37.336077300981763
1209,37.336130919715181
1210,37.336183561489264
1211,37.33623580986626
1212,37.33628820188413
1213,37.336339640113522
1214,37.336390699878244
1215,37.33644190885061
1216,37.336492159819556
1217,37.33654203552279
1218,37.336592045075648
1219,37.336641069714105
1220,37.336689708926947
1221,37.336738485272519
1222,37.336786267369561
1223,37.336833673387687
1224,37.336881226597626
1225,37.336927799955205
1226,37.336974012250096
1227,37.337020403426017
1228,37.337065845562002
1229,37.337110961003724
1230,37.337156285370924
1231,37.337200688345334
1232,37.337244800830973
1233,37.337289162248581
1234,37.337332621884251
1235,37.337375808821321
1236,37.33741925916614
1237,37.337461815502834
1238,37.337504101797784
1239,37.337546656975071
1240,37.337588314607494
1241,37.337629701757166
1242,37.337671361846219
1243,37.337712107577104
1244,37.337752571378168
1245,37.337793303545965
1246,37.337833115813112
1247,37.337872651436342
1248,37.337912462141141
1249,37.33795134970341
1250,37.33798995648884
1251,37.33802884398149
1252,37.338066819586601
1253,37.338104524595508
1254,37.338142522687555
1255,37.338179612099452
1256,37.338216440517719
1257,37.338253571196788
1258,37.338289788297182
1259,37.338325752989775
1260,37.338362034890324
1261,37.338397412825699
1262,37.33843253394015
1263,37.338467913491158
1264,37.33850250049754
1265,37.338536758116355
1266,37.338571339825819
1267,37.338605049319469
1268,37.338638533803156
1269,37.338672242588537
1270,37.338705217452514
1271,37.338737852678854
1272,37.338770869888791
1273,37.338803016576691
1274,37.338834974314054
1275,37.338867173981939
1276,37.338898650380131
1277,37.338929797777837
1278,37.3389613348401
1279,37.338991993132822
1280,37.339022459813556
1281,37.339053178425125
1282,37.33908315968084
1283,37.339112815305661
1284,37.3391428602812
1285,37.339172025701203
1286,37.339201008013923
1287,37.339230258150664
1288,37.339258776739285
1289,37.339286985429077
1290,37.339315599997249
1291,37.339343354360736
1292,37.339370951144424
1293,37.339398821611027
1294,37.339425982942707
1295,37.339452854263001
1296,37.339480137204646
1297,37.339506594722316
1298,37.339532890503399
1299,37.339559461689973
1300,37.339585363731068
1301,37.339610966429412
1302,37.339636990614039
1303,37.339662231178572
1304,37.339687308077039
1305,37.339712674337633
1306,37.33973742371137
1307,37.33976186149777
1308,37.339786734753389
1309,37.339810871313858
1310,37.339834856663792
1311,37.339859133644865
1312,37.339882826109765
1313,37.339906233084676
1314,37.339930055154454
1315,37.339953180704157
1316,37.339976160456878
1317,37.339999401634152
1318,37.340022104258331
1319,37.340044522124323
1320,37.340067315988911
1321,37.340089431127851
1322,37.34011140377212
1323,37.340133602157614
1324,37.34015528194989
1325,37.340176676532323
1326,37.340198423940208
1327,37.34021952754108
1328,37.340240488388417
1329,37.340261640964059
1330,37.340282316395218
1331,37.340302710498548
1332,37.340323427516573
1333,37.340343548833232
1334,37.340363538717732
1335,37.340383697872085
1336,37.340403430588033
1337,37.340422891414576
1338,37.340442642937397
1339,37.340461855239191
1340,37.340480934856728
1341,37.340500154270067
1342,37.340518971368056
1343,37.340537530492092
1344,37.340556366036765
1345,37.340574653238313
1346,37.340592851814776
1347,37.34061116861578
1348,37.340629076204614
1349,37.340646777365627
1350,37.340664721148471
1351,37.340682104444937
1352,37.340699440527587
1353,37.340716873618682
1354,37.340733883051811
1355,37.34075072636378
1356,37.340767796341808
1357,37.340784312185328
1358,37.340800806382866
1359,37.340817401662498
1360,37.340833599379664
1361,37.340849092224467
1362,37.340866545656851
1363,37.340882137678221
1364,37.340896998651523
1365,37.340913870348388
1366,37.340929136226613
1367,37.340943590673014
1368,37.340960182292697
1369,37.340975073953466
1370,37.340989310988384
1371,37.341005480167425
1372,37.341020119351477
1373,37.341033975101986
1374,37.341049865571271
1375,37.341064137905882
1376,37.341077772953888
1377,37.341093258401301
1378,37.341107281984272
1379,37.341120540622612
1380,37.341135746780331
1381,37.341149391828999
1382,37.341162420398618
1383,37.341177209829773
1384,37.341190595301327
1385,37.341203228784039
1386,37.341217740475983
1387,37.341230748937427
1388,37.341243160474789
1389,37.341257265248267
1390,37.341270018379547
1391,37.34128204181031
1392,37.341295870743366
1393,37.341308252434636
1394,37.341320056220695
1395,37.341333493346497
1396,37.341345640041069
1397,37.341357083415772
1398,37.341370276395907
1399,37.341382083721697
1400,37.341393329416562
1401,37.341406142843411
1402,37.3414177295748
1403,37.341428640329916
1404,37.341441237956758
1405,37.341452509419341
1406,37.341463243232106
1407,37.341475488825402
1408,37.341486557057372
1409,37.341496973522347
1410,37.341509013711473
1411,37.341519781129982
1412,37.341530028341978
1413,37.341541722313174
1414,37.341552291838248
1415,37.341562229634555
1416,37.341573715248053
1417,37.341583994527923
1418,37.341593790191077
1419,37.34160495231324
1420,37.341615052525007
1421,37.341624552358319
1422,37.341635519935124
1423,37.341645342039683
1424,37.341654702769162
1425,37.341665348537433
1426,37.341674989468771
1427,37.341684060977386
1428,37.341694528813804
1429,37.341703908483588
1430,37.341712850236974
1431,37.341723001803182
1432,37.341732201622598
1433,37.341740853923135
1434,37.341750825760592
1435,37.341759760521036
1436,37.341768275093273
1437,37.341777944862216
1438,37.341786718339506
1439,37.341794969495446
1440,37.341804474756273
1441,37.341812990374677
1442,37.341821105899449
1443,37.341830323542425
1444,37.341838692359396
1445,37.341846564663733
1446,37.341855637922038
1447,37.341863777075488
1448,37.341871546909132
1449,37.341880356606495
1450,37.341888361587294
1451,37.341895894532875
1452,37.341904562699987
1453,37.341912335260503
1454,37.341919982442953
1455,37.34192788847799
1456,37.341935557527378
1457,37.341943134131213
1458,37.341951009357352
1459,37.341958475725171
1460,37.341965933603539
1461,37.341973557038642
1462,37.341980886355721
1463,37.341988105729961
1464,37.341995606698056
1465,37.342002720628635
1466,37.342009837504897
1467,37.342017115309766
1468,37.342024122631102
1469,37.342031035241959
1470,37.342038207784206
1471,37.342045002713895
1472,37.342051804312248
1473,37.342058747889006
1474,37.342065433284446
1475,37.342072020375923
1476,37.342078854387069
1477,37.342085328368135
1478,37.342091814607144
1479,37.342098432071928
1480,37.342104797367959
1481,37.342111086148215
1482,37.342117609457034
1483,37.342123787848102
1484,37.342129986353918
1485,37.342136303317183
1486,37.342142383193121
1487,37.342148385209192
1488,37.342154608868498
1489,37.342160500296124
1490,37.342166418504803
1491,37.342172454769212
1492,37.342178263309329
1493,37.342184007029729
1494,37.342189962158784
1495,37.342195590009837
1496,37.342201249116002
1497,37.342207012180033
1498,37.342212549786908
1499,37.342218029387922
1500,37.342223714413258
1501,37.342229082945252
1502,37.342234484375496
1503,37.342239988930928
1504,37.342245275869175
1505,37.342250501615638
1506,37.342255924711736
1507,37.342261030810732
1508,37.342266175742843
1509,37.342271413265593
1510,37.342276434410891
1511,37.342281403606613
1512,37.342286361615706
1513,37.342291310149648
1514,37.342296059309426
1515,37.342300968832092
1516,37.342305971415804
1517,37.342310587927379
1518,37.34231540386493
1519,37.342320256165799
1520,37.342324807800708
1521,37.342329477804753
1522,37.342334247099487
1523,37.342338638898738
1524,37.342343231446847
1525,37.34234787921428
1526,37.34235222659288
1527,37.342356681235216
1528,37.342361251793619
1529,37.342365435655921
1530,37.342369814769278
1531,37.342374260367606
1532,37.342378398502873
1533,37.342382642223335
1534,37.34238700759591
1535,37.342390987546189
1536,37.34239515385304
1537,37.342399391156249
1538,37.342403321372174
1539,37.342406689576713
1540,37.342411606560134
1541,37.342415072723654
1542,37.342418419906757
1543,37.342423441728691
1544,37.342426920817935
1545,37.342430155462658
1546,37.342435007327929
1547,37.342438331105065
1548,37.342441506780766
1549,37.342446273888548
1550,37.342449576289773
1551,37.342452661129151
1552,37.342457319294581
1553,37.342460498388853
1554,37.342463528427082
1555,37.342468104607597
1556,37.342471259421501
1557,37.342474199175143
1558,37.34247865620199
1559,37.342481676618767
1560,37.342484561509515
1561,37.342488934510357
1562,37.342491922900834
1563,37.342494718651345
1564,37.342498963720423
1565,37.342501763711205
1566,37.342504547090456
1567,37.342508497307961
1568,37.342511317132292
1569,37.342514125470501
1570,37.342518125698213
1571,37.342520843013205
1572,37.342523574283298
1573,37.342527455112389
1574,37.34253013904943
1575,37.342532817263418
1576,37.342536624220529
1577,37.342539209150658
1578,37.342541827124109
1579,37.342545558128215
1580,37.342548107514858
1581,37.342550664787666
1582,37.342554289995086
1583,37.34255673215268
1584,37.342559229516873
1585,37.342562786086951
1586,37.342565206899963
1587,37.342567655031274
1588,37.34257113112087
1589,37.342573446793764
1590,37.342575832575626
1591,37.342579069173873
1592,37.342581478238742
1593,37.342583660616832
1594,37.342586817402982
1595,37.342589269402062
1596,37.342591463266054
1597,37.342594612740619
1598,37.342597038555965
1599,37.342599175177369
1600,37.342602219453006
1601,37.342604555699118
1602,37.342606644297966
1603,37.342609629520922
1604,37.342611939415349
1605,37.342613989659739
1606,37.342616898599992
1607,37.342619135016754
1608,37.342621132906665
1609,37.342623979356276
1610,37.342626182413376
1611,37.34262814001476
1612,37.342630906118487
1613,37.342633035131165
1614,37.342634945752295
1615,37.342637657270359
1616,37.342639759837269
1617,37.34264163322031
1618,37.342644272219879
1619,37.342646317563805
1620,37.342648153196428
1621,37.342650746591772
1622,37.342652763750216
1623,37.342654562985132
1624,37.342656645352569
1625,37.342659116342432
1626,37.342660683464103
1627,37.342662830620604
1628,37.342665448361707
1629,37.34266695724142
1630,37.342668829546014
1631,37.342671167140956
1632,37.342672669065919
1633,37.342674601308545
1634,37.342677022376378
1635,37.342678525394213
1636,37.342680392466953
1637,37.342682732599862
1638,37.342684190380396
1639,37.342686012467041
1640,37.342688283532894
1641,37.342689709991447
1642,37.342691466142661
1643,37.342693685375494
1644,37.342695080135726
1645,37.342696807222502
1646,37.342698972941321
1647,37.342700342872597
1648,37.342702013687322
1649,37.34270412890114
1650,37.342705472828555
1651,37.342707121500638
1652,37.342709195646378
1653,37.342710517281795
1654,37.342712104699665
1655,37.342714126382745
1656,37.342715419547929
1657,37.342716984333251
1658,37.34271895445444
1659,37.342720215431228
1660,37.34272171233156
1661,37.342723620121397
1662,37.34272484688217
1663,37.342726314537202
1664,37.342728168444346
1665,37.342729375136358
1666,37.342730794510011
1667,37.342732613772625
1668,37.342733796839987
1669,37.342735201267104
1670,37.34273698386211
1671,37.342738153153242
1672,37.34273951055112
1673,37.342741257631189
1674,37.342742400911469
1675,37.342743741967283
1676,37.342745449903219
1677,37.34274657823741
1678,37.342747875847756
1679,37.34274955024992
1680,37.342750654976811
1681,37.342751934908797
1682,37.342753572073875
1683,37.342754660744816
1684,37.342755892680309
1685,37.342757490298737
1686,37.342758555840049
1687,37.342759777085057
1688,37.342761345437047
1689,37.342762399004094
1690,37.342763579873555
1691,37.342765116063575
1692,37.342766148579848
1693,37.342767315227796
1694,37.342768814635889
1695,37.342769832055573
1696,37.342770949772891
1697,37.342772415438461
1698,37.342773406974828
1699,37.342774511547233
1700,37.342775938366728
1701,37.34277691199113
1702,37.342777966528757
1703,37.34277934567038
1704,37.342780290925091
1705,37.342781327997322
1706,37.342782669112779
1707,37.342783599350163
1708,37.342784588131593
1709,37.342785888374948
1710,37.342786793211332
1711,37.342787772907414
1712,37.342789047059448
1713,37.342789943702151
1714,37.342790884252501
1715,37.342792124112414
1716,37.342792995183537
1717,37.342793922013279
1718,37.342795123458778
1719,37.342795980877646
1720,37.342796866476228
1721,37.342798035303566
1722,37.342798868975585
1723,37.342799743965656
1724,37.342800882780537
1725,37.342801707526235
1726,37.342802545094216
1727,37.342803656679862
1728,37.34280446406261
1729,37.34280529712543
1730,37.342806186931632
1731,37.342807158234201
1732,37.342807899006118
1733,37.342808868805356
1734,37.342809668453825
1735,37.342810522423235
1736,37.342811439577886
1737,37.342812418536326
1738,37.342813133883993
1739,37.342813884432907
1740,37.342814760691908
1741,37.34281548005481
1742,37.342816258929538
1743,37.342817194081533
1744,37.342817923778
1745,37.342818709672365
1746,37.342819607144641
1747,37.342820320438349
1748,37.342821063545856
1749,37.342821952432907
1750,37.342822629159997
1751,37.342823360059221
1752,37.342824213601986
1753,37.342824884870822
1754,37.342825586180119
1755,37.342826447962331
1756,37.342827089926438
1757,37.342827787398697
1758,37.342828615262199
1759,37.342829253603426
1760,37.342829928105004
1761,37.342830763525136
1762,37.342831375602259
1763,37.342832044537879
1764,37.342832847221288
1765,37.342833455962428
1766,37.34283409889315
1767,37.342834907940215
1768,37.342835489046699
1769,37.342836134093261
1770,37.34283691782759
1771,37.342837502268566
1772,37.342838125304411
1773,37.342838916826764
1774,37.342839475038033
1775,37.342840093071985
1776,37.342840852767623
1777,37.342841404252582
1778,37.342841997851032
1779,37.342842761173252
1780,37.342843286397034
1781,37.34284387007034
1782,37.342844597476969
1783,37.342845110894658
1784,37.342845664776611
1785,37.342846394085392
1786,37.342846880164579
1787,37.342847424489932
1788,37.342848119215077
1789,37.342848597192088
1790,37.342849117258766
1791,37.342849819856646
1792,37.342850275127503
1793,37.342850789188752
1794,37.342851458915973
1795,37.342851906079666
1796,37.342852393560705
1797,37.342853069462905
1798,37.342853495811198
1799,37.342853980766421
1800,37.342854632270054
1801,37.342855062338103
1802,37.34285553468041
1803,37.34285619778526
1804,37.342856609074367
1805,37.342857079731147
1806,37.342857714033549
1807,37.342858120757157
1808,37.342858566460784
1809,37.342859207336666
1810,37.342859594681883
1811,37.342860039670001
1812,37.342860654143088
1813,37.342861037586509
1814,37.342861462554403
1815,37.34286208345582
1816,37.342862446651992
1817,37.342862864836626
1818,37.342863457995833
1819,37.342863822632992
1820,37.342864227330651
1821,37.342864836433215
1822,37.342865188787108
1823,37.34286559638101
1824,37.342866175743374
1825,37.342866523052358
1826,37.342866901820685
1827,37.342867483602703
1828,37.342867811216962
1829,37.342868194594061
1830,37.342868756685618
1831,37.342869088928992
1832,37.342869451034765
1833,37.342870015273157
1834,37.342870322143263
1835,37.342870679787353
1836,37.342871220498928
1837,37.342871530766551
1838,37.342871870579486
1839,37.342872417453229
1840,37.342872708606137
1841,37.342873045261825
1842,37.342873569896881
1843,37.342873869031465
1844,37.342874198173384
1845,37.342874739842379
1846,37.342875025557404
1847,37.342875358442988
1848,37.342875875029002
1849,37.342876157937148
1850,37.342876469311811
1851,37.342876992915762
1852,37.34287725730735
1853,37.342877563774302
1854,37.342878059218258
1855,37.342878326047661
1856,37.34287861855293
1857,37.342879124746062
1858,37.342879374687861
1859,37.34287966690944
1860,37.342880150059251
1861,37.342880400275654
1862,37.342880672222506
1863,37.342881162609906
1864,37.342881396281349
1865,37.342881668234796
1866,37.342882134190411
1867,37.342882368169413
1868,37.342882620817491
1869,37.342883092087121
1870,37.34288330572037
1871,37.342883557065477
1872,37.342884006338856
1873,37.342884224764795
1874,37.342884465638448
1875,37.342884929077186
1876,37.342885137522828
1877,37.342885379473138
1878,37.342885822174942
1879,37.342886032394794
1880,37.342886258010928
1881,37.342886711405015
1882,37.34288690889796
1883,37.342887139455655
1884,37.342887571797114
1885,37.342887771607529
1886,37.342887902619104
1887,37.342888415058596
1888,37.342888580690996
1889,37.342888762637749
1890,37.342889170125773
1891,37.342889364995862
1892,37.342889497808827
1893,37.342890011906135
1894,37.342890176671453
1895,37.342890286785817
1896,37.342890745340696
1897,37.342890898466983
1898,37.342890998310594
1899,37.342891477410127
1900,37.342891644984185
1901,37.342891765014002
1902,37.342892246004268
1903,37.342892415114527
1904,37.342892516950741
1905,37.342892988127844
1906,37.342893140647398
1907,37.342893246540982
1908,37.342893699024671
1909,37.342893848405758
1910,37.342893937700893
1911,37.34289438688058
1912,37.342894525119696
1913,37.34289462289037
1914,37.342895064945637
1915,37.342895207672377
1916,37.34289529086184
1917,37.342895725799849
1918,37.342895854239885
1919,37.34289594428121
1920,37.342896368127803
1921,37.342896495950384
1922,37.342896570889124
1923,37.342896990689944
1924,37.342897106300576
1925,37.34289718852731
1926,37.342897597437265
1927,37.342897715142129
1928,37.342897783978358
1929,37.342898191184439
1930,37.342898299631109
1931,37.342898376144646
1932,37.342898773606436
1933,37.342898882831562
1934,37.342898945399057
1935,37.342899344421028
1936,37.342899449670462
1937,37.342899524767446
1938,37.342899919957063
1939,37.342900026698942
1940,37.342900085698453
1941,37.34290047558639
1942,37.342900571274789
1943,37.342900638497042
1944,37.342901022154543
1945,37.342901125330563
1946,37.342901182097201
1947,37.342901569540544
1948,37.342901664516887
1949,37.342901731360875
1950,37.34290211477736
1951,37.342902211976536
1952,37.342902263635622
1953,37.342902640694696
1954,37.342902725708342
1955,37.342902783501316
1956,37.342903147654674
1957,37.342903230491409
1958,37.342903272623325
1959,37.342903633470229
1960,37.342903708480939
1961,37.34290376068639
1962,37.342904117748461
1963,37.342904195871483
1964,37.342904233617787
1965,37.342904585556475
1966,37.342904652293548
1967,37.342904697172102
1968,37.342905037612987
1969,37.34290510109745
1970,37.342905133145848
1971,37.342905477498284
1972,37.342905537906944
1973,37.342905580308766
1974,37.342905916957996
1975,37.342905980153709
1976,37.342906009098812
1977,37.342906344346048
1978,37.342906401199834
1979,37.342906441884104
1980,37.3429067772934
1981,37.342906837597582
1982,37.342906862560994
1983,37.342907189595941
1984,37.342907237336021
1985,37.342907270323565
1986,37.342907594876571
1987,37.342907651782859
1988,37.342907676001595
1989,37.342908002593106
1990,37.342908050794478
1991,37.342908081844186
1992,37.342908397795952
1993,37.342908445634897
1994,37.34290846365603
1995,37.342908778734582
1996,37.342908816893441
1997,37.342908840326828
1998,37.342909143540908
1999,37.342909178981458
2000,37.342909187236728
2001,-10.632596778705608
2002,13.057284383853998
