"Iteration: Iteration","Lift in Y Monitor: Force (N)"
1,5565.9915124538147
2,3553.881943166909
3,1899.9538476789182
4,1037.1237784363852
5,722.23747937193275
6,521.6307303405531
7,404.70228863496243
8,349.21422110564458
9,335.47674753290772
10,408.3565527173277
11,411.48416991976865
12,448.71570104377849
13,455.19305748364553
14,462.1720192611092
15,470.85826493593544
16,481.02689491381466
17,495.38293776009505
18,505.63937273396505
19,521.3809421380173
20,534.23630863469486
21,547.09084204137866
22,556.11716543129637
23,564.72867105951684
24,573.15074113800461
25,581.36587289064084
26,589.23831794154012
27,596.71064204262029
28,603.89409494707729
29,610.49016162646626
30,616.47205923719275
31,622.33701116012048
32,627.83579548720172
33,632.98880175168028
34,637.56793696088641
35,641.9208159941204
36,645.79284111956247
37,649.2291695011844
38,652.39511090296367
39,655.08174517222835
40,657.50325313598455
41,659.50015195500305
42,661.16761017259341
43,662.47700198378936
44,663.52618526522235
45,664.2858674719713
46,664.87774904800756
47,665.25422825359237
48,665.33633019228785
49,665.05982118743395
50,664.74216116672505
51,664.09768454775121
52,662.972830158075
53,662.13027280370454
54,661.01243329573242
55,659.79478737327725
56,658.54045647469263
57,657.19739236400119
58,656.11540229735783
59,654.2537177782948
60,653.03199085720769
61,651.62980610942691
62,650.10624601284974
63,648.63338485665486
64,647.5534571694576
65,645.82318989029307
66,644.82922595634557
67,643.33248620883012
68,642.55570097144846
69,641.35819363853466
70,640.96129497541676
71,639.7453857436268
72,639.46784390702669
73,638.61158788354817
74,638.46421483258166
75,638.02123692851069
76,637.85443795945901
77,637.83207465566443
78,637.80299708496727
79,637.91629227712883
80,638.01794211951142
81,638.22072415092373
82,638.40036436352295
83,638.71378175086136
84,639.00534086764435
85,639.50388801695726
86,639.96897897371775
87,640.32407295488531
88,640.87380573343489
89,641.24108948361004
90,641.76797952573088
91,642.13974691040346
92,642.61767744023689
93,642.8467881681679
94,643.24755904426002
95,643.46567063254645
96,643.64019075984356
97,643.80897212447496
98,643.88872279647069
99,643.90585420350988
100,643.80731145698371
101,643.62252996349366
102,643.33985081372498
103,643.0531398525153
104,642.59356033687015
105,642.10984391161196
106,641.49562172558433
107,640.73044105461349
108,639.96284714829301
109,639.08122844950628
110,638.17922153109077
111,637.19070025861629
112,636.23315046431856
113,635.1083438550146
114,633.923040447635
115,632.70508938165494
116,631.46553216139944
117,630.2466725682857
118,629.0022481992587
119,627.77558239320012
120,626.58225792541464
121,625.33558503048062
122,624.21882857269736
123,623.06863153553581
124,621.9181888110345
125,620.82680409509658
126,619.81850204779721
127,618.87404202632342
128,617.94187410470045
129,617.03375314871346
130,616.15510305890461
131,615.3012124418583
132,614.41985267054213
133,613.54022473525515
134,612.66511367920634
135,611.77442746289546
136,610.83216215706727
137,609.83654129584613
138,608.77812192947124
139,607.66904879275296
140,606.491943530664
141,605.27927135765071
142,604.01528904045369
143,602.75084297683327
144,601.37696396975036
145,600.06436977224155
146,598.72813019334239
147,597.36627672157545
148,596.08671769729506
149,594.7848933182679
150,593.67170914984979
151,592.62043879475368
152,591.76218934432359
153,591.03431528209012
154,590.48037950671801
155,590.10617281015175
156,589.96977048187205
157,590.05601557168711
158,590.40961984412706
159,591.01280898731159
160,591.81927209782611
161,592.8203002641086
162,593.9995997354747
163,595.37415130499346
164,596.86793836372783
165,598.47539669181958
166,600.21350293317607
167,602.00456905711724
168,603.87045212623525
169,605.76843330198346
170,607.6210320659751
171,609.44209104836261
172,611.20252781328475
173,612.96482276443919
174,614.54665476849982
175,616.105406755285
176,617.57960565521216
177,618.98951672822727
178,620.26205938106932
179,621.46256388878965
180,622.61031482561589
181,623.72165665792363
182,624.82015897664257
183,625.86300768590945
184,626.89708908841783
185,627.93229687755047
186,628.96562249758756
187,629.97818033383248
188,630.98650409347056
189,632.00316535536876
190,633.00908056358594
191,634.04378862901535
192,635.03977067292351
193,636.04248222110812
194,637.02141406187366
195,638.00819180209862
196,638.97848365771029
197,639.96998757920039
198,640.97096669833388
199,641.96898803902388
200,642.93100844169794
201,643.93575449391972
202,644.88852876322551
203,645.86574585481264
204,646.9028786596931
205,647.93693360081386
206,648.98291928481206
207,650.02901597897142
208,651.10273925870115
209,652.13432545805131
210,653.18290129829109
211,654.22825189944501
212,655.30579195759367
213,656.36556303428222
214,657.42525403339914
215,658.47751698357922
216,659.54078836890835
217,660.53882908615901
218,661.51463981545885
219,662.49048254497882
220,663.42033109036356
221,664.28959762929946
222,665.06813849089531
223,665.79351267865525
224,666.40874518273768
225,666.90677036566683
226,667.22218213671681
227,667.46477951812631
228,667.58925530662339
229,667.63862856817093
230,667.55944169786221
231,667.39228031724883
232,667.17682212417367
233,666.94580860095698
234,666.79382609551374
235,666.58536397469436
236,666.47103795568751
237,666.40401438048059
238,666.41052039315139
239,666.49250581630645
240,666.65928500084635
241,666.94357494647124
242,667.3321464287244
243,667.80904821107526
244,668.57620606391959
245,669.11405436311532
246,669.69724971618052
247,670.48889072405825
248,670.96145761662694
249,671.68200458575473
250,672.10403235107651
251,672.748848780245
252,673.11441928919805
253,673.67696040994019
254,674.01230946269186
255,674.53709508573866
256,674.82415973099819
257,675.24326615526411
258,675.48170271522201
259,675.86565663151714
260,676.08338000821448
261,676.43848316643835
262,676.6596156693995
263,677.05776045707887
264,677.40898111453487
265,677.67778543165468
266,678.17389350058158
267,678.5213373748802
268,679.08941754803539
269,679.44354154659652
270,680.01296064160078
271,680.34144215715025
272,680.87268610112426
273,681.18185299899096
274,681.65542182190552
275,681.91531213294127
276,682.30488609191366
277,682.51314628045941
278,682.82921888393673
279,682.98736760814222
280,683.17296326697499
281,683.38035910317365
282,683.57425448661854
283,683.75496026789665
284,683.93079563335789
285,684.10332183987077
286,684.28712731250175
287,684.49047243737664
288,684.72152799096659
289,684.97869846096614
290,685.26590274771695
291,685.58226113938304
292,685.92027536936791
293,686.26664205124041
294,686.64040397463873
295,687.14031081526957
296,687.39973996662081
297,687.78216001879014
298,687.99857866310185
299,688.32938003822983
300,688.51985952977384
301,688.79761599304697
302,688.94519776599395
303,689.1799591504024
304,689.31482539715114
305,689.47071245442305
306,689.64192954033456
307,689.80993138393171
308,689.97713042566227
309,690.20474265313135
310,690.32347625117086
311,690.48137150924276
312,690.74146243804341
313,690.90867418003972
314,691.13682166101319
315,691.48787999168826
316,691.70444485804785
317,691.96848514749786
318,692.35648082046919
319,692.56893675097626
320,692.90185280911612
321,693.08956238628707
322,693.38579173275991
323,693.55401114101585
324,693.81596226852503
325,693.95542587073544
326,694.17996239009744
327,694.3022846662692
328,694.45095010294961
329,694.61497170650557
330,694.78275523515799
331,694.95098032167448
332,695.16687744134117
333,695.27439436471786
334,695.40982034816898
335,695.62528149078298
336,695.75965326077653
337,695.93325169369325
338,696.13341995005874
339,696.34765721738097
340,696.56837200040229
341,696.79091192050578
342,697.07410348426788
343,697.21770156817024
344,697.44328981350509
345,697.57663908988161
346,697.79286980168774
347,697.92035309103153
348,698.12607342424474
349,698.24933637637878
350,698.44077957331513
351,698.54920595786598
352,698.68404685604787
353,698.84324443760306
354,699.00646592950784
355,699.17199015098618
356,699.33629684196603
357,699.56028463147982
358,699.67991001795087
359,699.87845085911749
360,700.00567919250818
361,700.22855850321389
362,700.37316814525718
363,700.62120183390073
364,700.77326621002328
365,701.02021497716737
366,701.16939078296264
367,701.40553978116441
368,701.5487443081629
369,701.77540429578414
370,701.90506942263244
371,702.05422448043237
372,702.27799139963122
373,702.39607675357638
374,702.53477467373409
375,702.6884455619545
376,702.84807417721504
377,703.0082394695437
378,703.16152726294911
379,703.304588659503
380,703.44049114250527
381,703.5731649469509
382,703.70420412157762
383,703.83506381073198
384,703.9692656429479
385,704.10419388412879
386,704.23594151842019
387,704.37038107729802
388,704.50690368717801
389,704.69425788104456
390,704.79039719916102
391,704.94332383800827
392,705.03723850339634
393,705.19863057378677
394,705.29768195104168
395,705.46455728875219
396,705.56640214386857
397,705.73626852798191
398,705.83962312523101
399,705.96578063476829
400,706.10844609578726
401,706.25797460535989
402,706.40831022795021
403,706.5536271329488
404,706.69185076186659
405,706.82570929524184
406,706.95684743867878
407,707.08618408058737
408,707.21386322314834
409,707.38912383652371
410,707.47749976728142
411,707.62297961252273
412,707.71044862967278
413,707.86134439231205
414,707.95315746737583
415,708.10999484300601
416,708.2029158371148
417,708.36379472038266
418,708.45650159413742
419,708.61297913305521
420,708.70467860955603
421,708.85993881876107
422,708.95117722226587
423,709.06540694275236
424,709.1929012302204
425,709.32453018387696
426,709.45055774284151
427,709.56991917056371
428,709.68317729462638
429,709.79230500183496
430,709.89897726901881
431,710.00469202478894
432,710.14586312211213
433,710.21660442440941
434,710.33610433301817
435,710.40852619816678
436,710.53605898830392
437,710.61318799713342
438,710.74664876028714
439,710.82559853469138
440,710.9615395532287
441,711.04139732069063
442,711.17771985242064
443,711.25821856515881
444,711.39553240897772
445,711.4759021981547
446,711.57537525779071
447,711.68854091444916
448,711.80278310123117
449,711.91174436674885
450,712.01374949604303
451,712.14340481293971
452,712.20640792105542
453,712.31347840182764
454,712.37715101256742
455,712.48889236397645
456,712.57820878711595
457,712.66430923599137
458,712.75217570605901
459,712.84224863861516
460,712.93434453240388
461,713.02694506334387
462,713.11983736451998
463,713.2131881529881
464,713.30727983159034
465,713.40183597549731
466,713.49626598968905
467,713.59019728092164
468,713.68299816317938
469,713.7522254641284
470,713.88996947577471
471,713.94061051607332
472,714.05858153113013
473,714.10730324982444
474,714.22253135531378
475,714.27016880118924
476,714.3827704459793
477,714.43004403939312
478,714.54107837272841
479,714.58831925967183
480,714.69700918266903
481,714.76016853230499
482,714.84615370977849
483,714.9102708217456
484,715.000215040733
485,715.06716372067694
486,715.15967801939382
487,715.22667541097098
488,715.3187774999185
489,715.38467282532406
490,715.47495852584325
491,715.52381725124155
492,715.63378514306862
493,715.68009945272422
494,715.78277299148874
495,715.82616232764519
496,715.92379003958547
497,715.96601806448984
498,716.0609794394519
499,716.12429499662301
500,716.18591843458546
501,716.2502153534067
502,716.31667751519626
503,716.38425299133814
504,716.4523236827456
505,716.52065556156595
506,716.5891162103236
507,716.65782431658272
508,716.72667542654506
509,716.7954894281396
510,716.86402300683051
511,716.93209256749742
512,716.99953196438912
513,717.06620140674409
514,717.13192977125857
515,717.19670958165716
516,717.2605161139802
517,717.32342308153443
518,717.38550641102893
519,717.44686370862291
520,717.50778643197975
521,717.56789395810597
522,717.62753499322855
523,717.68694520628242
524,717.74625039814669
525,717.8054681971621
526,717.86478720077901
527,717.92402189482482
528,717.98315980714608
529,718.04224721056744
530,718.10121743783941
531,718.1599578209632
532,718.21828702917912
533,718.27606045886228
534,718.33270875795483
535,718.38909849149843
536,718.4448573917806
537,718.49986274795435
538,718.55413669333893
539,718.6076597577603
540,718.66051467451598
541,718.71280612152873
542,718.76462345874677
543,718.81604909530029
544,718.867165590279
545,718.91806978838645
546,718.96885622254456
547,719.01960342705672
548,719.07030544023678
549,719.12098036680561
550,719.17162551297884
551,719.22218696721416
552,719.272570757528
553,719.32268456191593
554,719.37241471261086
555,719.42165404444552
556,719.47035742694879
557,719.51846361087735
558,719.56601109544897
559,719.61299031937619
560,719.65941271110432
561,719.70528467324425
562,719.75065469891683
563,719.79554647822238
564,719.84002732062504
565,719.88414660786316
566,719.92795669357042
567,719.97150990211253
568,720.01490219823756
569,720.05813381369217
570,720.10122637007601
571,720.1441863167322
572,720.18700856600981
573,720.22963112456887
574,720.27189522962067
575,720.31395234552099
576,720.35565369657013
577,720.39693840429243
578,720.43776719655943
579,720.47815720818733
580,720.51812523009596
581,720.55765989842769
582,720.59678291268756
583,720.63550555963207
584,720.67388645376627
585,720.71194085249192
586,720.74967162945154
587,720.78714625856469
588,720.82439793130686
589,720.86146279545733
590,720.89837069789394
591,720.93513039905122
592,720.97176429362707
593,721.00825964433386
594,721.04459559470411
595,721.08071814117932
596,721.11659460245176
597,721.15218766705163
598,721.18747057488201
599,721.22239486826322
600,721.25697060036862
601,721.2911940916714
602,721.32508195297191
603,721.35862910150354
604,721.39186120352349
605,721.42478296237448
606,721.45741332866135
607,721.48976692314477
608,721.5218773450398
609,721.55374588832842
610,721.58540581685531
611,721.61687976450105
612,721.64817152222861
613,721.67931145011653
614,721.71029788503517
615,721.74111511915839
616,721.77173286047901
617,721.80212376934969
618,721.83225945925324
619,721.86211535214761
620,721.89167576189368
621,721.92093732526405
622,721.94989940361893
623,721.97856397295868
624,722.00693714196223
625,722.03502820592746
626,722.06284276123029
627,722.09039135140256
628,722.11769077095278
629,722.14476141283853
630,722.17162464078092
631,722.1983012911669
632,722.2248064487793
633,722.25115657555352
634,722.27736386041124
635,722.30343321649559
636,722.32936308689068
637,722.3551449621599
638,722.38076890628759
639,722.40622280707919
640,722.43149631437325
641,722.45658204833603
642,722.48303398755388
643,722.50702135479185
644,722.53096154845355
645,722.55502449557491
646,722.57904930857717
647,722.60294123027916
648,722.62666200149249
649,722.65020321892382
650,722.67356762465022
651,722.69676489005428
652,722.71980305140482
653,722.74268647193526
654,722.76541738957405
655,722.78799997545991
656,722.81043175880609
657,722.83271094703491
658,722.8548339398784
659,722.87679817104811
660,722.8985967086038
661,722.92022811853542
662,722.94168591224093
663,722.96296725647778
664,722.98406958379735
665,723.00499382214514
666,723.02574022621582
667,723.04631161589816
668,723.066711853936
669,723.08694781440806
670,723.1070263014085
671,723.12695525716617
672,723.14674167770045
673,723.16639174361069
674,723.18591152107797
675,723.20530200373685
676,723.22456606895184
677,723.24370480416405
678,723.26152272157753
679,723.28218400464527
680,723.29959974554504
681,723.31973964332326
682,723.33679365490389
683,723.35659064936885
684,723.37337995645134
685,723.39287479192706
686,723.40940654823351
687,723.4286008032509
688,723.44486811988384
689,723.4637541659182
690,723.47976108955493
691,723.49833465448296
692,723.51513464896675
693,723.53183060275978
694,723.54852464154953
695,723.5651502304263
696,723.58166329666471
697,723.59804224255686
698,723.6142771287798
699,723.63036513929262
700,723.64630511057953
701,723.6620934481632
702,723.6777265266827
703,723.69320649668657
704,723.70853732637806
705,723.72371485282497
706,723.73894513116159
707,723.75380254095126
708,723.7684716851636
709,723.78301572164287
710,723.79744607132102
711,723.81175955313972
712,723.82595189019582
713,723.84002188318891
714,723.85397228940553
715,723.86780643473139
716,723.88152646405035
717,723.89506225508046
718,723.90861067231549
719,723.92203129342033
720,723.93532708568978
721,723.94851259120571
722,723.96159358714658
723,723.97457115445388
724,723.98744509672827
725,724.00021532891094
726,724.01288141969258
727,724.02544414150611
728,724.03790368369471
729,724.05026036219283
730,724.0625155336154
731,724.07467058574844
732,724.08672741384441
733,724.09868744767402
734,724.11055251027392
735,724.12232396538968
736,724.13400343044907
737,724.14559188115925
738,724.15709008538704
739,724.16849843426928
740,724.17981744777103
741,724.19104707540544
742,724.2021875120829
743,724.21323851727936
744,724.22420033664264
745,724.23507280168667
746,724.24585602542106
747,724.25655011608069
748,724.26715576535798
749,724.27767349411204
750,724.2881042941317
751,724.29844913191914
752,724.30870938776138
753,724.31888622131157
754,724.32898121498522
755,724.33899567857861
756,724.34893113932276
757,724.35878862530478
758,724.3685694575596
759,724.37827441532397
760,724.38790441413869
761,724.39745985696072
762,724.40694152475578
763,724.41634995051936
764,724.42568562258532
765,724.43494867763309
766,724.44413960085467
767,724.45325870597128
768,724.46230653402142
769,724.47128343850068
770,724.48019022818301
771,724.48902749873696
772,724.49779617270633
773,724.50649697870824
774,724.51513095246025
775,724.52369887211125
776,724.53220176468778
777,724.54064031177199
778,724.54901538780837
779,724.5573275445613
780,724.56557750158129
781,724.57376562502225
782,724.58189250197245
783,724.58995836755935
784,724.59796371147775
785,724.60590870272267
786,724.61379382083237
787,724.62161924991153
788,724.62938554159689
789,724.63709292106739
790,724.6447420124083
791,724.65233311271641
792,724.65988407200189
793,724.66735492337091
794,724.6747706619027
795,724.68213249486143
796,724.68944072428542
797,724.69669527144242
798,724.70389620239871
799,724.71104346738605
800,724.71813769567791
801,724.72517894627185
802,724.73216763855135
803,724.73910401807223
804,724.74598852266297
805,724.75282129110451
806,724.75960279472724
807,724.76633317759979
808,724.77301287261639
809,724.77964209497895
810,724.78622135303476
811,724.79275074720192
812,724.79923105285229
813,724.80566260880141
814,724.81204592698498
815,724.81838124171475
816,724.82466915029147
817,724.83090996424187
818,724.83710430528913
819,724.84290068300254
820,724.849533617622
821,724.85517948699044
822,724.86164705451563
823,724.86717843785846
824,724.8731828165329
825,724.87914942209454
826,724.8850280364245
827,724.89083469892978
828,724.89658647387068
829,724.90229210858274
830,724.90795520088193
831,724.91357680696103
832,724.91915703790244
833,724.92469608707302
834,724.93019404364543
835,724.93565123948201
836,724.94106788979752
837,724.94644449508337
838,724.95178084234851
839,724.95707754867567
840,724.96233477018689
841,724.96755281546029
842,724.97273178696207
843,724.97787170026686
844,724.98297330875425
845,724.98803662829073
846,724.9930615816786
847,724.99804855128855
848,725.00299749770988
849,725.00790880798399
850,725.01278248970891
851,725.0176189800228
852,725.02241828397086
853,725.0271808475477
854,725.0319066974954
855,725.03659629938022
856,725.04124967442851
857,725.04586729665834
858,725.05044920937848
859,725.05499591300622
860,725.05950741518154
861,725.06398421193262
862,725.06842635379564
863,725.07283432145539
864,725.07720814104016
865,725.08154828702914
866,725.08585478265991
867,725.09012810992829
868,725.09436829577078
869,725.09857581809172
870,725.10275069932629
871,725.10689341773173
872,725.1110039808832
873,725.1150828858448
874,725.11913018363009
875,725.12314634748509
876,725.12713136369928
877,725.13108571354928
878,725.1350093518098
879,725.13890280234341
880,725.14276604489567
881,725.14659975037387
882,725.15040341913209
883,725.15417740153043
884,725.15792209418191
885,725.16163783903653
886,725.16532466117417
887,725.16898287626861
888,725.17261253509776
889,725.17621390763861
890,725.17978704181246
891,725.18333226063419
892,725.18684957886796
893,725.19033940897293
894,725.19380171432886
895,725.19723692349476
896,725.20064497554779
897,725.20402629763021
898,725.207380857629
899,725.21070909436162
900,725.2140109608556
901,725.21728690326654
902,725.22053687866605
903,725.22376132978957
904,725.22696017421674
905,725.23013392547682
906,725.23328251646933
907,725.23640637745928
908,725.23950545124671
909,725.24258017967202
910,725.24563051084749
911,725.24865689682576
912,725.25165928345723
913,725.25463812765804
914,725.25759336816861
915,725.26052546085373
916,725.26343435177523
917,725.26632048343299
918,725.26918380135237
919,725.27202475069566
920,725.27484325331807
921,725.27763976137146
922,725.28041418649082
923,725.28316697744037
924,725.28589808987385
925,725.2886078181582
926,725.29129542489909
927,725.29396253272785
928,725.29660893015739
929,725.29923413353458
930,725.30183912666166
931,725.30442314667096
932,725.30698739650552
933,725.30953159013495
934,725.3120558618898
935,725.31456004378424
936,725.31704499446062
937,725.31951081726982
938,725.32195699135627
939,725.3243844685594
940,725.32679263024659
941,725.32918216632595
942,725.33155273100726
943,725.33390524250353
944,725.33623977951879
945,725.33855564317548
946,725.34085387205289
947,725.34313382035987
948,725.34539613933134
949,725.34764046067698
950,725.34986770584192
951,725.35207796516227
952,725.35427048260112
953,725.35644600173146
954,725.35860422654741
955,725.36074589205077
956,725.36287129858761
957,725.36497961929854
958,725.36707166520273
959,725.36914717061882
960,725.37120678875306
961,725.3732508577632
962,725.37527848588707
963,725.37729049619975
964,725.37928660575551
965,725.38126746275384
966,725.38323340952093
967,725.38518352671178
968,725.38711867244979
969,725.38903849026781
970,725.39094366902077
971,725.39283453646522
972,725.39471014001037
973,725.39657133290257
974,725.39841780374513
975,725.40025017945459
976,725.40206880242556
977,725.40387276278534
978,725.40566284982128
979,725.40743878349076
980,725.40920118273016
981,725.41095041265191
982,725.41268554262115
983,725.41440736771017
984,725.41611560822776
985,725.41781085179582
986,725.41949347944956
987,725.42116259028489
988,725.42281889481762
989,725.42446220675345
990,725.42609301742038
991,725.42771171972959
992,725.42931748063393
993,725.43091084483478
994,725.43249174811842
995,725.43406056504853
996,725.43561769872213
997,725.43716243969777
998,725.43869519318935
999,725.44021599728001
1000,725.4417251847259
1001,725.44322310490463
1002,725.44470908317442
1003,725.44618351082875
1004,725.44764641103018
1005,725.44909813687525
1006,725.45053908664295
1007,725.45196849340471
1008,725.45338681426051
1009,725.45479402318153
1010,725.45619047552827
1011,725.45757663345285
1012,725.45895163803709
1013,725.46031602865776
1014,725.46166971248635
1015,725.46301306553221
1016,725.46434655159806
1017,725.46566930756649
1018,725.46698185625939
1019,725.4682841029794
1020,725.4695764400459
1021,725.47085930565686
1022,725.47213183706435
1023,725.47339453883774
1024,725.47464731923128
1025,725.47589058276776
1026,725.47712471802868
1027,725.47834889443106
1028,725.47956361722356
1029,725.48076876837877
1030,725.48196476795658
1031,725.48315162349195
1032,725.48432899020713
1033,725.48549727079273
1034,725.48665709357704
1035,725.48780738173502
1036,725.48894880622856
1037,725.49008139540877
1038,725.49120539779449
1039,725.49232086064728
1040,725.49342741294754
1041,725.49452546757459
1042,725.49561565220881
1043,725.49669683598609
1044,725.49776973302312
1045,725.49883433255422
1046,725.49989091680914
1047,725.50093946195739
1048,725.50197959456705
1049,725.50301173704372
1050,725.50403599198182
1051,725.50505219162801
1052,725.50606043465268
1053,725.5070609045614
1054,725.50805359361607
1055,725.5090385111572
1056,725.51001583226036
1057,725.51098557559544
1058,725.51194775193164
1059,725.51290253786976
1060,725.5138499378545
1061,725.51478995867967
1062,725.51572278242588
1063,725.51664840157548
1064,725.51756682548171
1065,725.51847824965398
1066,725.51938263435272
1067,725.52027999584698
1068,725.5211705263315
1069,725.52205416750019
1070,725.52293091884167
1071,725.52380097744378
1072,725.52466426005481
1073,725.52552079449742
1074,725.52637077989016
1075,725.52721412014796
1076,725.52805083861858
1077,725.52888115989936
1078,725.52970498549212
1079,725.53052232689276
1080,725.53133342528201
1081,725.53213818470613
1082,725.53293663003467
1083,725.53372901329374
1084,725.53451521616216
1085,725.53529525709064
1086,725.53606939395945
1087,725.53683750313724
1088,725.53759958505179
1089,725.53835591844927
1090,725.53910634530212
1091,725.53985088806701
1092,725.54058982186859
1093,725.54132297392266
1094,725.54205035587347
1095,725.54277226784495
1096,725.54348851712143
1097,725.54419912045103
1098,725.54490438222058
1099,725.54560409988119
1100,725.54629829056489
1101,725.54698727024652
1102,725.54767082750379
1103,725.54834898225647
1104,725.54902206488657
1105,725.5496898453157
1106,725.55035235954188
1107,725.55100993603389
1108,725.55166232714862
1109,725.55230955965942
1110,725.55295198066176
1111,725.55358932811396
1112,725.55422162863408
1113,725.55484924194025
1114,725.55547188989703
1115,725.55608958965115
1116,725.55670271840302
1117,725.55731097870682
1118,725.55791441065446
1119,725.55851339684637
1120,725.55910760881864
1121,725.55969708315308
1122,725.5602822286952
1123,725.56086270229184
1124,725.56143854908009
1125,725.56201018307308
1126,725.56257724096417
1127,725.56313976249805
1128,725.56369818515566
1129,725.56425211947465
1130,725.56480162120874
1131,725.56534713900533
1132,725.56588826690552
1133,725.56642504844001
1134,725.56695795268172
1135,725.56748655636727
1136,725.56801091257796
1137,725.56853150294808
1138,725.56904788322151
1139,725.56956010514602
1140,725.57006866734253
1141,725.57057310536368
1142,725.57107348372347
1143,725.57157031694589
1144,725.5720631085353
1145,725.57255193634933
1146,725.57303731964214
1147,725.57351874518008
1148,725.57399627872417
1149,725.57447046950108
1150,725.57494077365322
1151,725.5754072678684
1152,725.5758705207777
1153,725.57632995703386
1154,725.57678565623894
1155,725.57723820431136
1156,725.57768700812767
1157,725.57813215166175
1158,725.57857424284828
1159,725.57901266077101
1160,725.57944750084494
1161,725.57987938443625
1162,725.58030766559682
1163,725.58073244540321
1164,725.58115436487344
1165,725.58157273846246
1166,725.58198768792215
1167,725.58239987274169
1168,725.58280857562818
1169,725.58321391250979
1170,725.58361656297438
1171,725.58401578637449
1172,725.58441172121354
1173,725.58480506240983
1174,725.58519503470882
1175,725.58558177327529
1176,725.58596600421959
1177,725.58634691890063
1178,725.58672467921474
1179,725.58710003648548
1180,725.58747215482163
1181,725.58784118371159
1182,725.58820789044887
1183,725.58857140215923
1184,725.58893188958814
1185,725.58929014914247
1186,725.58964526887803
1187,725.58999743175571
1188,725.59034745232634
1189,725.59069437788094
1190,725.59103839722229
1191,725.59138035184139
1192,725.59171925024407
1193,725.59205529996154
1194,725.59238937013913
1195,725.59272042219311
1196,725.59304867064031
1197,725.5933750235007
1198,725.59369840559509
1199,725.59401903245111
1200,725.59433784959913
1201,725.59465372949489
1202,725.59496691843174
1203,725.59527837505368
1204,725.59558721548694
1205,725.59589290324675
1206,725.59619714263772
1207,725.5964987668317
1208,725.59679745049129
1209,725.59709469347342
1210,725.5973892782107
1211,725.59768104704244
1212,725.59797144052095
1213,725.59825916366924
1214,725.59854413045673
1215,725.5988277990831
1216,725.59910883278678
1217,725.59938717146952
1218,725.59966433225304
1219,725.59993892012506
1220,725.60021088872406
1221,725.6004817760271
1222,725.60075013052995
1223,725.60101590981037
1224,725.60128069941845
1225,725.60154296881024
1226,725.6018026888089
1227,725.60206147873134
1228,725.60231773767941
1229,725.60257145097
1230,725.60282429282574
1231,725.60307461111142
1232,725.60332235634598
1233,725.60356928721455
1234,725.60381367511673
1235,725.60405551813176
1236,725.6042966300314
1237,725.60453520323176
1238,725.60477127443403
1239,725.60500671030297
1240,725.60523963172136
1241,725.60547010022844
1242,725.60570004054239
1243,725.60592750245632
1244,725.60615255904145
1245,725.60637719761189
1246,725.60659936718537
1247,725.60681917342924
1248,725.60703864818299
1249,725.60725567096028
1250,725.60747035786426
1251,725.60768480773038
1252,725.60789680359176
1253,725.60810648401912
1254,725.60831601523694
1255,725.60852308394624
1256,725.60872785227548
1257,725.60893256309964
1258,725.60913483474269
1259,725.60933482139524
1260,725.60953483770368
1261,725.60973238204622
1262,725.60992769979339
1263,725.61012332870723
1264,725.61031599648845
1265,725.61050704117588
1266,725.61069797488221
1267,725.610886426604
1268,725.61107284651212
1269,725.61125958665093
1270,725.61144352734061
1271,725.61162571349928
1272,725.61180803959007
1273,725.61198777541813
1274,725.61216554829764
1275,725.61234380485826
1276,725.61251921988162
1277,725.61269291292513
1278,725.6128669628755
1279,725.6130383892696
1280,725.61320790622506
1281,725.61337811447027
1282,725.61354544095116
1283,725.61371111747042
1284,725.6138773489032
1285,725.6140409140545
1286,725.61420260771388
1287,725.61436516759386
1288,725.61452479261663
1289,725.61468280909753
1290,725.61484152214416
1291,725.61499756609635
1292,725.61515173614896
1293,725.61530685112621
1294,725.61545924456095
1295,725.6156099075605
1296,725.61576128011211
1297,725.6159103331795
1298,725.61605736140746
1299,725.61620533197322
1300,725.61635093703171
1301,725.61649466326799
1302,725.61663909024799
1303,725.6167815875956
1304,725.61692185671825
1305,725.61706305904568
1306,725.61720228125648
1307,725.61733942772275
1308,725.6174772385898
1309,725.6176134128616
1310,725.61774734182688
1311,725.61788202785567
1312,725.61801496784119
1313,725.61814597563011
1314,725.6182773785664
1315,725.61840737336797
1316,725.61853527725339
1317,725.61866368780204
1318,725.61879055210522
1319,725.6189156382685
1320,725.61904089456698
1321,725.61916495347907
1322,725.61928707751474
1323,725.61940949537052
1324,725.61953057308153
1325,725.61965002547061
1326,725.61976942510364
1327,725.61988781553316
1328,725.62000441004056
1329,725.62012104848543
1330,725.62023668880715
1331,725.62035072624042
1332,725.62046435810976
1333,725.62057756079855
1334,725.62068884419159
1335,725.62079980104181
1336,725.62091031366788
1337,725.62101917323457
1338,725.62112724522694
1339,725.62123537137199
1340,725.62134169280534
1341,725.62144718145396
1342,725.62155273508961
1343,725.62165683526791
1344,725.62175956071439
1345,725.62186284252266
1346,725.62196454225182
1347,725.62206481871897
1348,725.62216565208246
1349,725.62226525197616
1350,725.62236290761882
1351,725.62246162464157
1352,725.62255895098599
1353,725.62265431586138
1354,725.62275069747761
1355,725.6228460881506
1356,725.62293896621202
1357,725.6230333299352
1358,725.62312660275632
1359,725.62321727468418
1360,725.62330939034666
1361,725.62340613188553
1362,725.62348630045483
1363,725.62357753699564
1364,725.62367319603561
1365,725.62375190318278
1366,725.62384112035761
1367,725.62393487362476
1368,725.62401160121533
1369,725.62409885748241
1370,725.62419036746724
1371,725.62426534567646
1372,725.62435044376673
1373,725.62444006689475
1374,725.62451312676637
1375,725.62459634138497
1376,725.62468383412568
1377,725.62475522381101
1378,725.62483636659283
1379,725.62492205616661
1380,725.62499159162314
1381,725.62507096867478
1382,725.62515462513488
1383,725.62522257777903
1384,725.62529999717776
1385,725.62538194659214
1386,725.62544815181548
1387,725.62552388329129
1388,725.62560389738564
1389,725.6256686096649
1390,725.62574248727913
1391,725.62582087185683
1392,725.62588392120801
1393,725.62595619705564
1394,725.6260327364613
1395,725.62609438507877
1396,725.62616484797775
1397,725.6262398278709
1398,725.6262998857344
1399,725.62636883413222
1400,725.62644201715852
1401,725.62650075060435
1402,725.62656800751597
1403,725.62663969315645
1404,725.62669689669349
1405,725.6267626871462
1406,725.62683265815917
1407,725.62688860482365
1408,725.62695276565648
1409,725.62702130337186
1410,725.62707579714561
1411,725.62713855039124
1412,725.62720543352793
1413,725.6272587455278
1414,725.62731994489764
1415,725.6273854340385
1416,725.62743739819985
1417,725.62749726081324
1418,725.62756112569321
1419,725.62761197718169
1420,725.62767034046067
1421,725.62773287025095
1422,725.62778243387027
1423,725.62783951621054
1424,725.62790049000091
1425,725.62794901618167
1426,725.62800467345971
1427,725.6280643826218
1428,725.62811167170435
1429,725.62816610951359
1430,725.62822431270672
1431,725.62827063237137
1432,725.62832371855984
1433,725.6283807394243
1434,725.62842590128059
1435,725.62847785777558
1436,725.62853345922565
1437,725.62857770154733
1438,725.62862833768065
1439,725.6286827892817
1440,725.6287259191505
1441,725.6287754884039
1442,725.62882858228295
1443,725.62887083816645
1444,725.62891914144097
1445,725.62897111400889
1446,725.6290122925476
1447,725.6290595312139
1448,725.62911017082661
1449,725.62915050799165
1450,725.62919653266226
1451,725.6292460995337
1452,725.62928540385133
1453,725.62933043263649
1454,725.6293759068908
1455,725.6294185302321
1456,725.62946214957208
1457,725.62950608702215
1458,725.62954730358342
1459,725.62958985558816
1460,725.6296326340929
1461,725.62967302793334
1462,725.62971450931036
1463,725.62975640244917
1464,725.62979576959731
1465,725.62983636043123
1466,725.62987719060197
1467,725.62991574499983
1468,725.62995527773364
1469,725.62999525476823
1470,725.63003279506415
1471,725.63007148334862
1472,725.63011044668792
1473,725.63014721793058
1474,725.63018491401544
1475,725.63022306228777
1476,725.63025888337074
1477,725.63029578941371
1478,725.63033298161383
1479,725.63036807464573
1480,725.63040401160367
1481,725.63044044510423
1482,725.63047463028602
1483,725.63050979075979
1484,725.6305452847763
1485,725.63057877899121
1486,725.63061303532368
1487,725.63064780746015
1488,725.6306804257872
1489,725.63071395955751
1490,725.63074783200557
1491,725.63077978489969
1492,725.63081241748193
1493,725.63084559495917
1494,725.63087670791242
1495,725.63090865131676
1496,725.63094097435044
1497,725.63097146304494
1498,725.6310025506059
1499,725.63103421910296
1500,725.63106389886229
1501,725.63109433868306
1502,725.63112517169236
1503,725.63115424613522
1504,725.63118386992369
1505,725.63121408954498
1506,725.63124239379556
1507,725.6312714105012
1508,725.63130085155694
1509,725.63132860435815
1510,725.63135686655698
1511,725.63138572819753
1512,725.6314089583874
1513,725.6314422471213
1514,725.63147004887321
1515,725.63149199156192
1516,725.63152381905127
1517,725.63155094148544
1518,725.63157226972498
1519,725.63160345642541
1520,725.63162988434169
1521,725.63165075137397
1522,725.63168118334534
1523,725.63170710792497
1524,725.63172738536298
1525,725.63175716971546
1526,725.63178241233447
1527,725.63180224621169
1528,725.63183130307618
1529,725.63185609621655
1530,725.63187537142471
1531,725.63190382894152
1532,725.63192797611862
1533,725.63194683368022
1534,725.63197460408969
1535,725.63199831588508
1536,725.63201664196765
1537,725.63204383701589
1538,725.6320669495974
1539,725.63208029375619
1540,725.63211368607915
1541,725.63213611366996
1542,725.6321482748765
1543,725.63217965293177
1544,725.63220129652734
1545,725.63221320032631
1546,725.63224392105406
1547,725.63226524998959
1548,725.6322768066857
1549,725.63230684437906
1550,725.63232761444203
1551,725.6323389093933
1552,725.63236823075408
1553,725.63238864917707
1554,725.63239960172746
1555,725.63242824369479
1556,725.63244812788207
1557,725.63245884093999
1558,725.63248680965273
1559,725.6325063693123
1560,725.63251677696496
1561,725.63254411909008
1562,725.6325631481327
1563,725.63257335529761
1564,725.63260009214821
1565,725.63261635682738
1566,725.63262857488087
1567,725.63265631795946
1568,725.63267154216237
1569,725.63268309592956
1570,725.63270962899026
1571,725.63272449860847
1572,725.63273577802011
1573,725.63276176812042
1574,725.63277623462102
1575,725.63278726353781
1576,725.63281266148556
1577,725.63282685398076
1578,725.63283759234491
1579,725.63286243876973
1580,725.63287622262249
1581,725.63288673809984
1582,725.63291102672042
1583,725.63292457652824
1584,725.63293482127062
1585,725.63295857460855
1586,725.6329717179467
1587,725.63298172739906
1588,725.63300491797088
1589,725.63301782383883
1590,725.63302758266605
1591,725.6330469819643
1592,725.63306384233977
1593,725.63307364801858
1594,725.63309212991885
1595,725.63310810099767
1596,725.63311744851387
1597,725.63313527283231
1598,725.63315077407219
1599,725.63315993805202
1600,725.6331773693521
1601,725.63319259095351
1602,725.63320153588995
1603,725.63321855205299
1604,725.63323336862027
1605,725.633242120045
1606,725.63325873353381
1607,725.63327326264152
1608,725.63328178877418
1609,725.63329799739586
1610,725.6333121522614
1611,725.63332049784776
1612,725.63333633004402
1613,725.63335022164858
1614,725.63335836680653
1615,725.6333738217885
1616,725.6333873508454
1617,725.63339531882116
1618,725.63341038556302
1619,725.63342366329152
1620,725.6334314210261
1621,725.63344611916625
1622,725.63345904354787
1623,725.63346663742163
1624,725.63347738693324
1625,725.63349748886196
1626,725.63350291775964
1627,725.63351174537138
1628,725.63352768144284
1629,725.63353529807955
1630,725.63354542039133
1631,725.63356177262176
1632,725.63356894747244
1633,725.63357838856143
1634,725.63359383296176
1635,725.6336008065316
1636,725.63361002450779
1637,725.633625154279
1638,725.6336319883801
1639,725.63364100442652
1640,725.63365579554795
1641,725.63366249333467
1642,725.63367129948335
1643,725.63368575534014
1644,725.63369229201555
1645,725.63370087933345
1646,725.63371497138894
1647,725.63372137000749
1648,725.63372975636048
1649,725.63374351994946
1650,725.63374976089801
1651,725.63375792870829
1652,725.63377133479514
1653,725.63377745510002
1654,725.63378543781732
1655,725.6337985553356
1656,725.6338045166201
1657,725.63381229271579
1658,725.63382508146128
1659,725.63383093615028
1660,725.63383855330528
1661,725.63385108156956
1662,725.63385680107751
1663,725.63386423329462
1664,725.63387646392107
1665,725.63388206606339
1666,725.63388932498287
1667,725.6339012783335
1668,725.63390673636627
1669,725.63391380730945
1670,725.63392545508748
1671,725.63393080030983
1672,725.63393770857238
1673,725.63394910021123
1674,725.63395431560048
1675,725.63396105023958
1676,725.63397216033979
1677,725.63397726701419
1678,725.6339838429725
1679,725.63399471220919
1680,725.63399969394561
1681,725.6340061035587
1682,725.63401670093401
1683,725.63402157552048
1684,725.63402783680056
1685,725.63403820193309
1686,725.63404294929092
1687,725.63404904630875
1688,725.63405914026544
1689,725.63406378369336
1690,725.63406973641918
1691,725.63407960177267
1692,725.63408412376305
1693,725.63408992139159
1694,725.63409953436633
1695,725.63410395804351
1696,725.63410961415639
1697,725.63411902152416
1698,725.63412333492636
1699,725.63412884895968
1700,725.63413802103832
1701,725.63414224780615
1702,725.6341476428853
1703,725.63415662531338
1704,725.63416074926795
1705,725.63416601230324
1706,725.6341747750547
1707,725.63417881380974
1708,725.63418395909787
1709,725.63419255072085
1710,725.63419649859406
1711,725.63420151417529
1712,725.63420988541282
1713,725.63421373792039
1714,725.63421863473184
1715,725.63422682729311
1716,725.63423058957608
1717,725.63423537137851
1718,725.63424337184915
1719,725.63424705989007
1720,725.63425173814471
1721,725.63425957806282
1722,725.63426317641677
1723,725.63426773779668
1724,725.63427538751466
1725,725.63427891179742
1726,725.63428337451933
1727,725.6342908725286
1728,725.63429430621079
1729,725.63429865146429
1730,725.63430410756018
1731,725.63430902232346
1732,725.63431419177391
1733,725.63432171784768
1734,725.63432474424189
1735,725.63432850576658
1736,725.63433336803678
1737,725.63433789757926
1738,725.63434277840793
1739,725.63434815099436
1740,725.6343526326151
1741,725.63435720304233
1742,725.63436217623644
1743,725.63436636872711
1744,725.63437072732972
1745,725.63437555043038
1746,725.63437967097343
1747,725.63438396239542
1748,725.63438871059816
1749,725.63439275656117
1750,725.63439697099511
1751,725.63440162773759
1752,725.63440560585786
1753,725.63440972882552
1754,725.63441427964869
1755,725.63441815788644
1756,725.63442217144996
1757,725.63442664208992
1758,725.63443046181908
1759,725.63443438326681
1760,725.63443875180064
1761,725.63444247040411
1762,725.63444629065145
1763,725.63445056741136
1764,725.63445421182007
1765,725.63445793479195
1766,725.63446210703557
1767,725.63446565946356
1768,725.63446928219946
1769,725.63447337378921
1770,725.63447685356175
1771,725.63448037744979
1772,725.63448436250656
1773,725.63448774781716
1774,725.63449117796085
1775,725.63449508341114
1776,725.63449841593774
1777,725.63450176676974
1778,725.63450558711656
1779,725.63450883953078
1780,725.63451211094571
1781,725.63451585855046
1782,725.6345190526215
1783,725.63452224749881
1784,725.63452591555995
1785,725.63452903826453
1786,725.63453215914706
1787,725.63453576234951
1788,725.63453883329373
1789,725.63454188141202
1790,725.63454540090845
1791,725.6345483974269
1792,725.63455137083452
1793,725.63455482399468
1794,725.63455777370825
1795,725.63456068300582
1796,725.63456405887075
1797,725.63456693894909
1798,725.6345697764483
1799,725.63457308864997
1800,725.63457591893427
1801,725.63457868660498
1802,725.63458191616257
1803,725.6345846654566
1804,725.63458735701738
1805,725.63459051549762
1806,725.63459321286177
1807,725.63459584437271
1808,725.63459893478955
1809,725.63460157557836
1810,725.63460414793758
1811,725.63460718267902
1812,725.63460977820444
1813,725.63461229307643
1814,725.63461525775881
1815,725.63461777896896
1816,725.6346202275322
1817,725.63462312872934
1818,725.63462560686935
1819,725.6346280076134
1820,725.63463084680063
1821,725.63463326202839
1822,725.63463559632646
1823,725.63463837086761
1824,725.63464072515194
1825,725.63464300487863
1826,725.6346457142655
1827,725.63464801403552
1828,725.63465024245249
1829,725.63465290100532
1830,725.63465515816426
1831,725.63465733591966
1832,725.63465993515047
1833,725.6346621371498
1834,725.63466427052981
1835,725.63466682143644
1836,725.63466898234367
1837,725.63467106982057
1838,725.63467356476576
1839,725.63467567172825
1840,725.63467771268768
1841,725.63468016079389
1842,725.63468223406369
1843,725.63468422917936
1844,725.63468661798277
1845,725.63468862893683
1846,725.6346905713873
1847,725.634692905723
1848,725.63469487018904
1849,725.63469676698469
1850,725.63469904895067
1851,725.63470096126048
1852,725.63470281280092
1853,725.63470504642783
1854,725.63470692586009
1855,725.63470873472113
1856,725.63471091790075
1857,725.63471274449864
1858,725.63471450693783
1859,725.63471663875441
1860,725.63471842915658
1861,725.63472015307036
1862,725.63472223873987
1863,725.63472398467468
1864,725.63472566873884
1865,725.63472771456816
1866,725.63472942905821
1867,725.634731077982
1868,725.63473307995832
1869,725.63473475260275
1870,725.63473636518927
1871,725.63473832352452
1872,725.63473996156154
1873,725.63474153324864
1874,725.63474344420365
1875,725.63474503657801
1876,725.63474657033237
1877,725.63474844281131
1878,725.63475000044343
1879,725.63475149734575
1880,725.63475332552491
1881,725.63475484732191
1882,725.63475631092706
1883,725.63475810281921
1884,725.63475959613822
1885,725.63476102803065
1886,725.63476207870497
1887,725.63476411321028
1888,725.63476584908642
1889,725.63476769911256
1890,725.6347690891497
1891,725.63477035682592
1892,725.634771297871
1893,725.63477313680096
1894,725.63477475080549
1895,725.63477580518918
1896,725.63477771525277
1897,725.63477928610928
1898,725.63478027963004
1899,725.63478204734861
1900,725.63478350059449
1901,725.63478443771032
1902,725.63478612980691
1903,725.63478755580729
1904,725.63478849026978
1905,725.63479017055965
1906,725.63479157498125
1907,725.63479249109628
1908,725.63479413644654
1909,725.63479551819819
1910,725.63479642414336
1911,725.63479803988469
1912,725.63479938797616
1913,725.63480027000173
1914,725.63480184506739
1915,725.63480316478012
1916,725.63480403606411
1917,725.63480558373931
1918,725.63480687218919
1919,725.63480772012247
1920,725.63480922712142
1921,725.63481049357938
1922,725.63481133062101
1923,725.63481280935616
1924,725.63481404262677
1925,725.63481485692569
1926,725.63481629730666
1927,725.63481750678523
1928,725.63481831248862
1929,725.63481972960869
1930,725.63482090868763
1931,725.63482169295048
1932,725.63482307362244
1933,725.63482423189078
1934,725.63482500759631
1935,725.63482636427057
1936,725.63482749058392
1937,725.63482824323876
1938,725.63482956361315
1939,725.63483066812569
1940,725.63483140818232
1941,725.63483269736071
1942,725.63483377016723
1943,725.63483448876741
1944,725.63483574186853
1945,725.63483679055048
1946,725.63483749578268
1947,725.63483872846427
1948,725.63483975190036
1949,725.63484044068889
1950,725.63484163822193
1951,725.63484264085741
1952,725.63484331791574
1953,725.63484450305702
1954,725.63484548484507
1955,725.6348461449993
1956,725.63484729870447
1957,725.63484826510216
1958,725.63484891592498
1959,725.63485005202017
1960,725.63485099290779
1961,725.63485162231143
1962,725.63485272778826
1963,725.63485364741553
1964,725.63485426499403
1965,725.63485535212703
1966,725.63485624765622
1967,725.63485684919715
1968,725.63485790633842
1969,725.63485879151904
1970,725.63485938781764
1971,725.63486042757222
1972,725.63486128397631
1973,725.63486185683314
1974,725.63486286769682
1975,725.63486370833095
1976,725.63486427888279
1977,725.63486527146426
1978,725.63486608518065
1979,725.63486662959667
1980,725.63486758925615
1981,725.63486838569941
1982,725.63486892454694
1983,725.63486987358385
1984,725.63487065337642
1985,725.63487118024818
1986,725.63487209951893
1987,725.63487286007251
1988,725.63487337684307
1989,725.63487428156668
1990,725.63487502101793
1991,725.63487552439278
1992,725.63487640236895
1993,725.63487712751578
1994,725.63487762280511
1995,725.63487849007947
1996,725.6348791986826
1997,725.63487968035804
1998,725.63488052593061
1999,725.63488122925992
2000,725.63488171234292
2001,1035.187133630973
2002,1258.1892031893658
