"Iteration","Lift in Y Monitor: Lift in Y Monitor (N)"
1.0,5919.43137320785
2.0,3748.4715807037082
3.0,1982.3813664794454
4.0,1069.2158823622499
5.0,764.5388317202878
6.0,572.145917425906
7.0,462.25547814479506
8.0,417.3312616607037
9.0,438.5933405467149
10.0,451.54949024786475
11.0,547.5540907384567
12.0,564.9776328951298
13.0,575.6947464094148
14.0,584.4889481851011
15.0,595.2269637198277
16.0,607.4513630351217
17.0,621.8922267345856
18.0,643.260998658231
19.0,659.5614704519057
20.0,673.9661957003742
21.0,689.0927396561057
22.0,698.7574226878729
23.0,712.7727495172775
24.0,723.9293233582272
25.0,734.2751612394172
26.0,744.5578920239537
27.0,754.2474100210943
28.0,763.4912505616395
29.0,772.0780476913677
30.0,780.3445532364923
31.0,788.2361507775596
32.0,795.4917734592468
33.0,802.244789918124
34.0,808.6952166401534
35.0,814.6605717178295
36.0,820.0742001875682
37.0,825.0536837054387
38.0,829.479105181005
39.0,833.115309933443
40.0,837.500780742248
41.0,840.4361219999283
42.0,843.823674004873
43.0,846.0075654568659
44.0,848.4115750012626
45.0,849.9977810646136
46.0,851.6371921530454
47.0,853.0116818084781
48.0,854.0285849672541
49.0,854.5734990447723
50.0,854.9260052685898
51.0,855.1838894714422
52.0,855.3625671631966
53.0,855.2161438992168
54.0,854.7811317699125
55.0,853.9013327510303
56.0,853.2304108367567
57.0,852.1072882255468
58.0,851.3090460192369
59.0,850.4518192522421
60.0,849.2654072067318
61.0,848.0448880497945
62.0,846.8722591884169
63.0,845.7376878103778
64.0,844.6641948860236
65.0,843.9131255083523
66.0,842.7579317540578
67.0,842.042631062778
68.0,841.3917319945648
69.0,840.7753444897097
70.0,840.4474462157286
71.0,839.7203615493245
72.0,839.6325602986897
73.0,839.6465984323901
74.0,839.9123319563756
75.0,840.1244543509455
76.0,840.9284185135863
77.0,841.459951783127
78.0,842.4221189577537
79.0,843.2983049227441
80.0,844.2097224840991
81.0,845.230772611761
82.0,846.3825509704295
83.0,847.6517869425222
84.0,849.0054445915583
85.0,850.4709506589586
86.0,851.9593726487306
87.0,853.5266926803193
88.0,855.1189663641316
89.0,856.7371646256911
90.0,858.3769297053243
91.0,860.0147019178933
92.0,861.7278931218054
93.0,863.4065572016228
94.0,865.0917960617645
95.0,866.7632775013608
96.0,868.3915625614782
97.0,870.0414901930051
98.0,871.6178238632903
99.0,873.1881609936046
100.0,874.7399973708233
101.0,876.263370546154
102.0,877.7404436441483
103.0,879.1690561891223
104.0,880.5634234200778
105.0,881.9178241805641
106.0,883.2415737580818
107.0,884.5422731638228
108.0,886.013371620484
109.0,887.0211330689685
110.0,888.1581290581264
111.0,889.5061607579966
112.0,890.4534678148378
113.0,891.5129002536819
114.0,892.5964282963511
115.0,893.6480247741187
116.0,894.6530305865556
117.0,895.618566229588
118.0,896.5442674848273
119.0,897.4258313039151
120.0,898.2900692702189
121.0,899.1210935808909
122.0,899.9222994897823
123.0,900.6913867374185
124.0,901.4352858923526
125.0,902.1513478383729
126.0,902.8429028781171
127.0,903.4980525080434
128.0,904.1287343825321
129.0,904.7331584075902
130.0,905.3109716943586
131.0,905.862102116231
132.0,906.3873342778879
133.0,906.8955192588949
134.0,907.3844228192442
135.0,907.8506573892622
136.0,908.2988872986515
137.0,908.7280928368683
138.0,909.1391819553297
139.0,909.5336550059145
140.0,909.9153338678145
141.0,910.2806139146643
142.0,910.6369036104996
143.0,910.9765272769819
144.0,911.3069761329568
145.0,911.6301381110371
146.0,911.9469819807764
147.0,912.2582124085408
148.0,912.5675095206742
149.0,912.8714456720753
150.0,913.1719441480756
151.0,913.4699775797691
152.0,913.7686223535612
153.0,914.0657562665479
154.0,914.3673486843493
155.0,914.6719310413804
156.0,914.981182126507
157.0,915.2955306537706
158.0,915.6149163408403
159.0,915.9396344878553
160.0,916.2731213909135
161.0,916.6109308807586
162.0,916.955118809895
163.0,917.3508331369218
164.0,917.693987532269
165.0,918.0474464897483
166.0,918.4210686912996
167.0,918.8096649894286
168.0,919.204323264527
169.0,919.6354978236315
170.0,920.0069256557066
171.0,920.4599648541069
172.0,920.8508149070472
173.0,921.292769321523
174.0,921.7467918056736
175.0,922.204094560882
176.0,922.6654135305266
177.0,923.1318820719079
178.0,923.6043799112308
179.0,924.082874338785
180.0,924.5667805716134
181.0,925.0552402022454
182.0,925.547818889778
183.0,926.0439651052898
184.0,926.5429912362413
185.0,927.0444281172802
186.0,927.5457742121055
187.0,928.0513688269559
188.0,928.5559872335109
189.0,929.0637508706915
190.0,929.5699037519272
191.0,930.0755463809073
192.0,930.5801415592455
193.0,931.0818180407706
194.0,931.5805534355397
195.0,932.07823043153
196.0,932.5735119340243
197.0,933.065776103339
198.0,933.5589433730846
199.0,934.0433688283806
200.0,934.5235144951877
201.0,934.9949238053571
202.0,935.4715572732833
203.0,935.9427281414225
204.0,936.4097443426377
205.0,936.8707423391318
206.0,937.3262470772664
207.0,937.7782508395537
208.0,938.2261204824405
209.0,938.6697444898838
210.0,939.1090383959142
211.0,939.544168621249
212.0,939.9750806193799
213.0,940.4041443379241
214.0,940.8261339675372
215.0,941.2444184226196
216.0,941.6581736096832
217.0,942.0700257875902
218.0,942.4782956809189
219.0,942.882711242243
220.0,943.2844646068331
221.0,943.6815405837106
222.0,944.0752055657524
223.0,944.4654832958663
224.0,944.852850996275
225.0,945.2370658493862
226.0,945.61819922083
227.0,945.9962842291325
228.0,946.3713717863125
229.0,946.7695886362586
230.0,947.1270360273106
231.0,947.4820050252449
232.0,947.8401567575872
233.0,948.1983520810705
234.0,948.5547140399883
235.0,948.9082453131905
236.0,949.2585348433082
237.0,949.6053801785164
238.0,949.9494141091087
239.0,950.2902361975817
240.0,950.6270364309684
241.0,950.9621723702743
242.0,951.293764256266
243.0,951.6220943218532
244.0,951.9471744966387
245.0,952.2691152428229
246.0,952.5880598503045
247.0,952.9037343873938
248.0,953.2168062903096
249.0,953.5262651917919
250.0,953.8327882176919
251.0,954.1363173597045
252.0,954.4369379218112
253.0,954.7346371691218
254.0,955.0294480705581
255.0,955.3214274253207
256.0,955.610591886068
257.0,955.8970013370063
258.0,956.180575606614
259.0,956.4615686154821
260.0,956.7399080965035
261.0,957.0155901869052
262.0,957.2886669544027
263.0,957.5590738699369
264.0,957.8060502861676
265.0,958.1012019992946
266.0,958.3416188158094
267.0,958.6278941452457
268.0,958.8619115075069
269.0,959.1416141650434
270.0,959.391332429946
271.0,959.6371686030576
272.0,959.8847539669435
273.0,960.1295179673225
274.0,960.3725267254868
275.0,960.6135374939795
276.0,960.8522764980656
277.0,961.0886344400311
278.0,961.3226068985686
279.0,961.5541614433661
280.0,961.783154317523
281.0,962.0100019696162
282.0,962.2344107045114
283.0,962.4564604442712
284.0,962.6761732739847
285.0,962.8934981381178
286.0,963.108522378097
287.0,963.3210399309573
288.0,963.5315183266385
289.0,963.739689639964
290.0,963.945537729845
291.0,964.149125400414
292.0,964.3503305772919
293.0,964.5492991756398
294.0,964.7460230713507
295.0,964.940242923683
296.0,965.132668890854
297.0,965.3225724501609
298.0,965.510601175445
299.0,965.6964676177499
300.0,965.880047696753
301.0,966.0613892915123
302.0,966.2405749102544
303.0,966.4176646897097
304.0,966.5926644296048
305.0,966.7656322097354
306.0,966.9365508904912
307.0,967.105452686964
308.0,967.2724047970062
309.0,967.4373535113907
310.0,967.6003343594798
311.0,967.7614225994753
312.0,967.920643175728
313.0,968.0779874099911
314.0,968.2215630187692
315.0,968.3923270903377
316.0,968.5314526067191
317.0,968.695989074262
318.0,968.8306826514345
319.0,968.9907767968707
320.0,969.1222402731944
321.0,969.2786550837637
322.0,969.4071231736029
323.0,969.5602890694403
324.0,969.6858512198872
325.0,969.8350510093298
326.0,969.9579309401088
327.0,970.1038405410893
328.0,970.2238281700537
329.0,970.356049285126
330.0,970.4878602081068
331.0,970.617088837148
332.0,970.7440355717401
333.0,970.8692068313634
334.0,970.9928591766405
335.0,971.1150553732421
336.0,971.235927416081
337.0,971.3554591579672
338.0,971.473627107524
339.0,971.5904583415398
340.0,971.7059955915029
341.0,971.8202499954441
342.0,971.933217219173
343.0,972.0449085042185
344.0,972.1553323961115
345.0,972.2645139853918
346.0,972.3726241071851
347.0,972.4793488381968
348.0,972.5848510785487
349.0,972.6891776171134
350.0,972.7923560154574
351.0,972.8943818108838
352.0,972.9952541787911
353.0,973.0950047199802
354.0,973.1936416649548
355.0,973.2911822969525
356.0,973.3876299900568
357.0,973.483003034938
358.0,973.5773940569894
359.0,973.670521291013
360.0,973.7626981942094
361.0,973.8539033933425
362.0,973.944160102463
363.0,974.0333816773293
364.0,974.121631495751
365.0,974.2089126664955
366.0,974.2947046993294
367.0,974.3802290589249
368.0,974.4648455156022
369.0,974.5484295518638
370.0,974.6310068366494
371.0,974.712625909139
372.0,974.793322988583
373.0,974.8731299752824
374.0,974.952073368346
375.0,975.0301575424854
376.0,975.1073889009847
377.0,975.1838752440776
378.0,975.2594430438979
379.0,975.3341715849031
380.0,975.4081099663857
381.0,975.4812805606613
382.0,975.5536982768266
383.0,975.6253723109523
384.0,975.6963284914815
385.0,975.7665717184484
386.0,975.8361194628156
387.0,975.9049818145903
388.0,975.9731729097098
389.0,976.0406982099124
390.0,976.1075727259177
391.0,976.1737827564602
392.0,976.2393584433066
393.0,976.3043012229757
394.0,976.3686026166682
395.0,976.4322695081519
396.0,976.4953035833562
397.0,976.5577083929496
398.0,976.6194911597322
399.0,976.6806535118737
400.0,976.7412027187679
401.0,976.8011394652949
402.0,976.8604689345981
403.0,976.9191983016086
404.0,976.9773333003261
405.0,977.0348800431467
406.0,977.0918353742552
407.0,977.1482275873853
408.0,977.2040748051668
409.0,977.2593663772275
410.0,977.3141032735078
411.0,977.3682945665931
412.0,977.421949129512
413.0,977.4750757461258
414.0,977.5276824367542
415.0,977.5797757346756
416.0,977.6313617373893
417.0,977.6824465281135
418.0,977.7330359022512
419.0,977.7831343324323
420.0,977.8327458620887
421.0,977.8818747174881
422.0,977.9305259576886
423.0,977.978704386037
424.0,978.0264128203248
425.0,978.0736567785
426.0,978.1204430589753
427.0,978.1667745045347
428.0,978.2126534134023
429.0,978.2580843873496
430.0,978.3030733435469
431.0,978.347623410367
432.0,978.3917369185967
433.0,978.43542050449
434.0,978.4786758688366
435.0,978.5215079336017
436.0,978.5639195854369
437.0,978.6059138096994
438.0,978.6474939265896
439.0,978.6886622054952
440.0,978.7294216463458
441.0,978.7697745403107
442.0,978.8097214281735
443.0,978.849265288384
444.0,978.888408963987
445.0,978.927156961056
446.0,978.9655071171945
447.0,979.0034642892213
448.0,979.0410310605301
449.0,979.0782110970422
450.0,979.1150334110705
451.0,979.1514515553324
452.0,979.1874900666676
453.0,979.2231540191721
454.0,979.2612342459399
455.0,979.2923149409069
456.0,979.3296218245638
457.0,979.363103547453
458.0,979.3963569269009
459.0,979.4295928914855
460.0,979.4626443484376
461.0,979.4954419616361
462.0,979.5279312552308
463.0,979.5600909098066
464.0,979.5919164609629
465.0,979.6234109367322
466.0,979.6545788117728
467.0,979.6854247030775
468.0,979.71595304789
469.0,979.7461676634432
470.0,979.776074658558
471.0,979.8056751125661
472.0,979.8349554816365
473.0,979.8639549395048
474.0,979.8926585392047
475.0,979.9210662539638
476.0,979.9491817100661
477.0,979.9770094302594
478.0,980.0045456096761
479.0,980.0318151306238
480.0,980.0588067979354
481.0,980.0855340941719
482.0,980.1119772531089
483.0,980.1381631378068
484.0,980.1640613599251
485.0,980.1897048182791
486.0,980.2150746170868
487.0,980.2401953178423
488.0,980.2650480960692
489.0,980.2896582404857
490.0,980.3140118157582
491.0,980.3381287401501
492.0,980.3619949083259
493.0,980.3856337118528
494.0,980.4090275023248
495.0,980.4321975792362
496.0,980.4551278161999
497.0,980.4778388981683
498.0,980.5003155921773
499.0,980.5225764327097
500.0,980.5446073288674
501.0,980.5664257661122
502.0,980.5880175426847
503.0,980.6093994344254
504.0,980.6305574450494
505.0,980.6515066081341
506.0,980.6722334928231
507.0,980.6927545684676
508.0,980.7130562037252
509.0,980.7331550468784
510.0,980.7530373775649
511.0,980.7727211995945
512.0,980.7921924943881
513.0,980.8114691206441
514.0,980.8305382977284
515.0,980.8494172374913
516.0,980.8680930282173
517.0,980.8865837234083
518.0,980.9048761509733
519.0,980.9229881012196
520.0,980.9409060340706
521.0,980.9586476571665
522.0,980.97619938236
523.0,980.9935788943211
524.0,981.01077228285
525.0,981.0277971878759
526.0,981.0446396028907
527.0,981.0613170010979
528.0,981.0778154217413
529.0,981.0941512808427
530.0,981.1103109131063
531.0,981.1263154031459
532.0,981.1421424630033
533.0,981.1578188373966
534.0,981.1733222484927
535.0,981.1886751565532
536.0,981.203860638779
537.0,981.2188971130241
538.0,981.2337696626812
539.0,981.2484957614334
540.0,981.263060804449
541.0,981.2774821757687
542.0,981.291745474586
543.0,981.30586787541
544.0,981.3198351018146
545.0,981.3336643693488
546.0,981.3473411177883
547.0,981.3608825960528
548.0,981.3742742399266
549.0,981.3875332489549
550.0,981.4006450096134
551.0,981.4136267196935
552.0,981.4264637616963
553.0,981.439173349937
554.0,981.4517408579358
555.0,981.4641835212151
556.0,981.476486344749
557.0,981.488667167362
558.0,981.500711330371
559.0,981.5126364155608
560.0,981.5244267403443
561.0,981.5361012248225
562.0,981.547643655056
563.0,981.559073317216
564.0,981.5703736298015
565.0,981.581564256514
566.0,981.5926289086768
567.0,981.6035855635442
568.0,981.6144194794035
569.0,981.6251480289428
570.0,981.6357565859333
571.0,981.646262525734
572.0,981.6566511649039
573.0,981.6669394562264
574.0,981.6771125824808
575.0,981.6871877502442
576.0,981.6971501274438
577.0,981.7070172291201
578.0,981.7167737777618
579.0,981.7264363295171
580.0,981.7359902020685
581.0,981.7454528029108
582.0,981.7548091673334
583.0,981.7640763819885
584.0,981.7732393511346
585.0,981.7823151233085
586.0,981.7912885030776
587.0,981.800176612296
588.0,981.8089643497877
589.0,981.8176687244322
590.0,981.8262745731967
591.0,981.8347989155194
592.0,981.8432265887632
593.0,981.8515745724949
594.0,981.8598277068792
595.0,981.8680029775606
596.0,981.8760851737871
597.0,981.8840912870658
598.0,981.89200612052
599.0,981.8998466926686
600.0,981.9075977682654
601.0,981.9152763026699
602.0,981.9228670412779
603.0,981.930386940184
604.0,981.9378207337444
605.0,981.9451853521626
606.0,981.9524655168885
607.0,981.9596781462905
608.0,981.9668079113092
609.0,981.9738716990579
610.0,981.9808541561652
611.0,981.9877719938899
612.0,981.9946099778286
613.0,982.0013850758718
614.0,982.0080818536054
615.0,982.0147171413628
616.0,982.0212756792401
617.0,982.0277741767103
618.0,982.0341971928347
619.0,982.0405615721746
620.0,982.04685194405
621.0,982.0530758668663
622.0,982.0592377877607
623.0,982.065347276528
624.0,982.0713829089556
625.0,982.0773621305366
626.0,982.0832704820602
627.0,982.0891253248631
628.0,982.094911497665
629.0,982.1006461759034
630.0,982.1063137809426
631.0,982.1119303215514
632.0,982.1174808622413
633.0,982.1229820223909
634.0,982.1284177526475
635.0,982.1338053722926
636.0,982.139129316522
637.0,982.1444060991076
638.0,982.1496202755217
639.0,982.1547885255967
640.0,982.1598952261239
641.0,982.1649571859687
642.0,982.1699587267749
643.0,982.1749165430479
644.0,982.1798148177706
645.0,982.1846705382807
646.0,982.1894678351863
647.0,982.1942237134939
648.0,982.1989221059598
649.0,982.2035800408338
650.0,982.2081815310029
651.0,982.2127435467587
652.0,982.2172500486122
653.0,982.2217180105229
654.0,982.2261314189362
655.0,982.2305072391811
656.0,982.2348294652732
657.0,982.239115016445
658.0,982.2433479181607
659.0,982.2475450535164
660.0,982.2516904546322
661.0,982.2558010013505
662.0,982.2598607504541
663.0,982.2638865555011
664.0,982.2678624809199
665.0,982.2718053263661
666.0,982.2756991943895
667.0,982.2795608537721
668.0,982.2833743975801
669.0,982.28715657752
670.0,982.2908915073889
671.0,982.2945958909035
672.0,982.2982538748516
673.0,982.3018820984015
674.0,982.3054647058664
675.0,982.3090182909826
676.0,982.3125270570326
677.0,982.3160075706447
678.0,982.3194440644023
679.0,982.3228530275965
680.0,982.3262187288423
681.0,982.3295576342014
682.0,982.3328540151302
683.0,982.3361242769461
684.0,982.339352755354
685.0,982.342555802232
686.0,982.3457177740473
687.0,982.3488550482733
688.0,982.3519518694242
689.0,982.3550246900835
690.0,982.358057701985
691.0,982.3610673920326
692.0,982.3640379162343
693.0,982.3669857566626
694.0,982.3698950676051
695.0,982.3727822938725
696.0,982.3756316275988
697.0,982.378459513554
698.0,982.3812501517842
699.0,982.3840199339788
700.0,982.3867528825102
701.0,982.3894658518791
702.0,982.3921424727187
703.0,982.3947997111301
704.0,982.397421204757
705.0,982.4000238697417
706.0,982.4025913729139
707.0,982.4051405889103
708.0,982.4076551846096
709.0,982.4101520557263
710.0,982.4126148251486
711.0,982.4150604185893
712.0,982.4174724417691
713.0,982.4198678194629
714.0,982.422230158629
715.0,982.4245763821551
716.0,982.4268900889276
717.0,982.4291881435943
718.0,982.4314542041056
719.0,982.4337051028232
720.0,982.4359245250687
721.0,982.4381292406745
722.0,982.4403029758935
723.0,982.4424624576752
724.0,982.4445914364476
725.0,982.4467065977358
726.0,982.4487917488151
727.0,982.4508634993393
728.0,982.452905700667
729.0,982.4549349258642
730.0,982.4569350640029
731.0,982.4589226754657
732.0,982.4608816254117
733.0,982.4628284227681
734.0,982.4647469822003
735.0,982.4666538038764
736.0,982.4684027668835
737.0,982.4704742379457
738.0,982.4721514568463
739.0,982.4741554718784
740.0,982.4757894251223
741.0,982.4777473418711
742.0,982.4793467400967
743.0,982.4812645760345
744.0,982.4828310855092
745.0,982.4847100235725
746.0,982.4862440940757
747.0,982.4880847811098
748.0,982.4895869623714
749.0,982.4913901187846
750.0,982.4928610435351
751.0,982.4946274734765
752.0,982.496067907509
753.0,982.4977980479707
754.0,982.4992085460887
755.0,982.5009033475415
756.0,982.5022845238212
757.0,982.5039447450397
758.0,982.5052971258832
759.0,982.5069235744719
760.0,982.508247741704
761.0,982.5098410884681
762.0,982.5111376140735
763.0,982.5126985381729
764.0,982.5139679592726
765.0,982.5154971014767
766.0,982.5167399037364
767.0,982.5182378871343
768.0,982.5194547569723
769.0,982.5209219606824
770.0,982.522113718978
771.0,982.5235508716278
772.0,982.5247179774277
773.0,982.5261256543179
774.0,982.527268281315
775.0,982.5285527343576
776.0,982.5298125102078
777.0,982.5310543265949
778.0,982.532270851905
779.0,982.5334783614392
780.0,982.5346658422118
781.0,982.5358473894853
782.0,982.5370103044729
783.0,982.5381678608238
784.0,982.5393069982788
785.0,982.5404409136083
786.0,982.5415566321276
787.0,982.54266725727
788.0,982.5437599162728
789.0,982.5448476948546
790.0,982.5459177257995
791.0,982.5469831257024
792.0,982.5480309929893
793.0,982.5490744946903
794.0,982.5501006730572
795.0,982.5511227491822
796.0,982.5521276586943
797.0,982.5531287087985
798.0,982.5541128359731
799.0,982.5550933290529
800.0,982.5560571295799
801.0,982.5570174577233
802.0,982.5579613467717
803.0,982.5589019109674
804.0,982.5598262993407
805.0,982.5607475272354
806.0,982.5616527765385
807.0,982.5625550635033
808.0,982.5634415683605
809.0,982.5643252955043
810.0,982.5651934374235
811.0,982.5660589700099
812.0,982.5669091180315
813.0,982.5677568493417
814.0,982.568589387167
815.0,982.5694196684966
816.0,982.5702349410608
817.0,982.5710481449199
818.0,982.5718465144452
819.0,982.5726429844112
820.0,982.5734248177952
821.0,982.5742049096574
822.0,982.5749705310077
823.0,982.5757345744223
824.0,982.5764843189197
825.0,982.5772326461262
826.0,982.5779668426547
827.0,982.5786997787357
828.0,982.5794187540935
829.0,982.5801366272029
830.0,982.580840701235
831.0,982.5815438294029
832.0,982.5822332975866
833.0,982.5829219691456
834.0,982.5835971436621
835.0,982.5842716633489
836.0,982.5849328407945
837.0,982.5855934994514
838.0,982.5862409689429
839.0,982.5868880416916
840.0,982.5875220940399
841.0,982.5881558755411
842.0,982.5887767622154
843.0,982.5893974812114
844.0,982.5900054700382
845.0,982.5906134400249
846.0,982.5912087973129
847.0,982.5918042597353
848.0,982.5923872495895
849.0,982.5929704776318
850.0,982.5935413806607
851.0,982.5941126222018
852.0,982.5946716601043
853.0,982.5952311638777
854.0,982.5957785844828
855.0,982.5963266031521
856.0,982.5968626353681
857.0,982.5973993919774
858.0,982.5979242954547
859.0,982.5984500347628
860.0,982.5989640304127
861.0,982.5994789785512
862.0,982.5999822928834
863.0,982.600486683694
864.0,982.6009795415041
865.0,982.6014735847492
866.0,982.6019562114117
867.0,982.6024401287854
868.0,982.6029127218202
869.0,982.6033867307282
870.0,982.6038495061963
871.0,982.6043138022583
872.0,982.6047669551845
873.0,982.605221734282
874.0,982.6056654784466
875.0,982.6061107536258
876.0,982.6065452938913
877.0,982.6069814741005
878.0,982.6074070895114
879.0,982.6078344000338
880.0,982.6082511910257
881.0,982.6086697558022
882.0,982.6090778795747
883.0,982.6094878711999
884.0,982.6098875060471
885.0,982.6102891058667
886.0,982.6106804469626
887.0,982.6110738381111
888.0,982.61145705167
889.0,982.6118424128997
890.0,982.6122176846482
891.0,982.6125951816988
892.0,982.6129626584244
893.0,982.613332422359
894.0,982.6136922953507
895.0,982.6140544826569
896.0,982.6144069143642
897.0,982.6147616915773
898.0,982.6151068016343
899.0,982.6154543556873
900.0,982.615792261047
901.0,982.616132733505
902.0,982.6164635795631
903.0,982.6167971174222
904.0,982.6171210559526
905.0,982.6174478158783
906.0,982.6177650311885
907.0,982.6180851602128
908.0,982.6183957747181
909.0,982.6187093955931
910.0,982.6189681925127
911.0,982.619339315703
912.0,982.6195905771547
913.0,982.619945391052
914.0,982.6201869143293
915.0,982.6205311210865
916.0,982.6207669977373
917.0,982.6211041576769
918.0,982.6213352776166
919.0,982.6216658529579
920.0,982.6218922246237
921.0,982.6222161861374
922.0,982.6224378232475
923.0,982.6227552326185
924.0,982.6229722144436
925.0,982.623283207523
926.0,982.623495643735
927.0,982.6237559326618
928.0,982.6240641596889
929.0,982.6242713103069
930.0,982.6245142918201
931.0,982.6247712408842
932.0,982.6250197627273
933.0,982.6252679535093
934.0,982.6255061453181
935.0,982.6257457787356
936.0,982.6259773418836
937.0,982.6262115983103
938.0,982.6264384500737
939.0,982.626668203184
940.0,982.6268905973833
941.0,982.6271158432577
942.0,982.6273336886763
943.0,982.6275543770968
944.0,982.627767691259
945.0,982.6279838689956
946.0,982.6281927449459
947.0,982.6284045085825
948.0,982.6286090327627
949.0,982.6288164714618
950.0,982.62901673729
951.0,982.6292199277535
952.0,982.6294160000749
953.0,982.62961502025
954.0,982.629806993939
955.0,982.6300019458062
956.0,982.6301899159279
957.0,982.6303808901991
958.0,982.6305649429623
959.0,982.6307520137011
960.0,982.6309322224433
961.0,982.6311154771433
962.0,982.6312480336644
963.0,982.6314806443689
964.0,982.6316170075942
965.0,982.6318417331289
966.0,982.6319702079325
967.0,982.6321836679341
968.0,982.6323075574786
969.0,982.6325154616861
970.0,982.6326368895019
971.0,982.6328411852677
972.0,982.6329604056032
973.0,982.6331609764406
974.0,982.633277791544
975.0,982.6334743375609
976.0,982.6335886609394
977.0,982.6337811361383
978.0,982.63389300373
979.0,982.6340815253833
980.0,982.6341910151802
981.0,982.634375702946
982.0,982.6344828673407
983.0,982.6346184017938
984.0,982.6348141852602
985.0,982.6349214628759
986.0,982.6350472593683
987.0,982.6352347788139
988.0,982.6353335242646
989.0,982.6354556973594
990.0,982.6355895449991
991.0,982.6357771678748
992.0,982.6358704322703
993.0,982.6359848874605
994.0,982.6361105754467
995.0,982.6362433057357
996.0,982.6363737586066
997.0,982.6365030722
998.0,982.6366271243807
999.0,982.6367497647612
1000.0,982.6368684611439
1001.0,982.6369871011374
1002.0,982.637102954374
1003.0,982.6372193834854
1004.0,982.6373333011335
1005.0,982.6374478001866
1006.0,982.637559676619
1007.0,982.6376720004439
1008.0,982.637781603095
1009.0,982.6378915871694
1010.0,982.6379988377188
1011.0,982.6381064752655
1012.0,982.6382114372395
1013.0,982.6383168282297
1014.0,982.6384195911705
1015.0,982.6385228152105
1016.0,982.6386234504364
1017.0,982.6387245618705
1018.0,982.6388231064242
1019.0,982.638922130135
1020.0,982.6390186086337
1021.0,982.6391155772133
1022.0,982.639210029615
1023.0,982.6393049920182
1024.0,982.639397471667
1025.0,982.6394904689854
1026.0,982.6395810081101
1027.0,982.6396720743978
1028.0,982.6397607093577
1029.0,982.639849884313
1030.0,982.6399366541377
1031.0,982.64002397869
1032.0,982.6401089278019
1033.0,982.6401944461778
1034.0,982.6402776093176
1035.0,982.6403613474303
1036.0,982.6404427499123
1037.0,982.6405247429077
1038.0,982.6406044261009
1039.0,982.640684714717
1040.0,982.640762718465
1041.0,982.640841336456
1042.0,982.640917692573
1043.0,982.6409946773764
1044.0,982.6410694197127
1045.0,982.6411447953265
1046.0,982.6412179551597
1047.0,982.6412917611077
1048.0,982.6413633789211
1049.0,982.6414356517183
1050.0,982.6415057505671
1051.0,982.6415765153536
1052.0,982.6416451355473
1053.0,982.6417144415431
1054.0,982.641781629148
1055.0,982.6418495087923
1056.0,982.6419152845782
1057.0,982.6419817551598
1058.0,982.642046139246
1059.0,982.6421112307565
1060.0,982.6421742602594
1061.0,982.64223800786
1062.0,982.6422997130782
1063.0,982.6423621535106
1064.0,982.6424225731644
1065.0,982.6424837369319
1066.0,982.6425428956876
1067.0,982.6426028046784
1068.0,982.6426607282227
1069.0,982.6427194116925
1070.0,982.6427761297202
1071.0,982.6428336160996
1072.0,982.642889147186
1073.0,982.6429454509887
1074.0,982.6429998140185
1075.0,982.6430549671604
1076.0,982.6431081945369
1077.0,982.6431621475571
1078.0,982.6432136324639
1079.0,982.6432659565268
1080.0,982.643316800204
1081.0,982.6433684891088
1082.0,982.6434192979076
1083.0,982.6434709828519
1084.0,982.6435197992043
1085.0,982.6435697818897
1086.0,982.6436175583136
1087.0,982.6436661111851
1088.0,982.6437131312499
1089.0,982.6437607206576
1090.0,982.643806700668
1091.0,982.6438532519165
1092.0,982.6438980761376
1093.0,982.6439435613499
1094.0,982.6439873182068
1095.0,982.6440317496523
1096.0,982.6440745409714
1097.0,982.6441180133019
1098.0,982.6441599436403
1099.0,982.6442025986031
1100.0,982.644243761204
1101.0,982.6442856851805
1102.0,982.6443261592841
1103.0,982.6443674334313
1104.0,982.6444072785089
1105.0,982.6444479520222
1106.0,982.6444871910724
1107.0,982.6445272721346
1108.0,982.6445658976942
1109.0,982.6446053693697
1110.0,982.6446433620422
1111.0,982.6446821836255
1112.0,982.6447194924592
1113.0,982.6447576103469
1114.0,982.6447941995732
1115.0,982.6448315832979
1116.0,982.644867423246
1117.0,982.6449040433732
1118.0,982.644939109199
1119.0,982.6449749505603
1120.0,982.6450092432057
1121.0,982.645044319742
1122.0,982.6450778646664
1123.0,982.645112198211
1124.0,982.6451450212646
1125.0,982.6451786490352
1126.0,982.6452107831223
1127.0,982.6452437400123
1128.0,982.6452752250451
1129.0,982.6453075490967
1130.0,982.6453384186386
1131.0,982.6453701415162
1132.0,982.6454004222126
1133.0,982.6454315634434
1134.0,982.6454612245363
1135.0,982.6454918290484
1136.0,982.6455208984805
1137.0,982.6455509748108
1138.0,982.6455794544838
1139.0,982.645608948445
1140.0,982.6456368802246
1141.0,982.6456658280481
1142.0,982.6456932259824
1143.0,982.6457216273859
1144.0,982.6457484929102
1145.0,982.6457763550862
1146.0,982.6458027027946
1147.0,982.6458300473503
1148.0,982.645855892958
1149.0,982.6458827299394
1150.0,982.6459080837582
1151.0,982.6459344225806
1152.0,982.6459592869063
1153.0,982.6459851297008
1154.0,982.6460095068621
1155.0,982.6460348529617
1156.0,982.646058737134
1157.0,982.6460835810633
1158.0,982.6461069728635
1159.0,982.646131311761
1160.0,982.6461542033313
1161.0,982.6461780375815
1162.0,982.6462004297966
1163.0,982.6462237530482
1164.0,982.6462456424839
1165.0,982.6462684591995
1166.0,982.646289847451
1167.0,982.6463121618535
1168.0,982.6463330289462
1169.0,982.646354875048
1170.0,982.6463752559436
1171.0,982.6463966611291
1172.0,982.6464165781354
1173.0,982.6464375388286
1174.0,982.6464570181274
1175.0,982.6464775441141
1176.0,982.6464966153278
1177.0,982.6465167265428
1178.0,982.6465354057491
1179.0,982.6465551210895
1180.0,982.6465734236536
1181.0,982.646592755986
1182.0,982.6466106979648
1183.0,982.6466296600822
1184.0,982.6466472506363
1185.0,982.6466658536879
1186.0,982.6466830979391
1187.0,982.646701346127
1188.0,982.6467182518066
1189.0,982.6467361570011
1190.0,982.646752736774
1191.0,982.6467703066803
1192.0,982.6467865673228
1193.0,982.646803807863
1194.0,982.6468197526335
1195.0,982.6468366667715
1196.0,982.6468522974575
1197.0,982.6468688911581
1198.0,982.6468842154513
1199.0,982.646900497889
1200.0,982.6469155252497
1201.0,982.646931501727
1202.0,982.6469462311729
1203.0,982.6469619007331
1204.0,982.6469763271002
1205.0,982.6469916873451
1206.0,982.6470058161757
1207.0,982.647020875355
1208.0,982.6470347167646
1209.0,982.647049480624
1210.0,982.6470630394043
1211.0,982.6470775150839
1212.0,982.6470908021931
1213.0,982.6471049944877
1214.0,982.6471180074658
1215.0,982.6471319213424
1216.0,982.6471446690636
1217.0,982.6471583146771
1218.0,982.6471708052586
1219.0,982.6471841880532
1220.0,982.6471964229493
1221.0,982.6472095464732
1222.0,982.6472215355986
1223.0,982.6472344126219
1224.0,982.6472461657168
1225.0,982.6472588015059
1226.0,982.647270320659
1227.0,982.647282718019
1228.0,982.6472940083162
1229.0,982.6473061697131
1230.0,982.647317227626
1231.0,982.6473291472711
1232.0,982.6473399722371
1233.0,982.6473516564126
1234.0,982.6473622547918
1235.0,982.647373709464
1236.0,982.6473840912456
1237.0,982.6473953276254
1238.0,982.6474054993926
1239.0,982.647416521987
1240.0,982.6474264905712
1241.0,982.6474332447626
1242.0,982.6474414064638
1243.0,982.6474513455596
1244.0,982.647468617685
1245.0,982.6474827579109
1246.0,982.6474924764208
1247.0,982.647497938624
1248.0,982.6475041283131
1249.0,982.6475118435453
1250.0,982.6475207165267
1251.0,982.647530719661
1252.0,982.6475410466606
1253.0,982.6475516206045
1254.0,982.6475617932946
1255.0,982.6475716782818
1256.0,982.6475809459648
1257.0,982.647589878109
1258.0,982.647598326931
1259.0,982.6476066334578
1260.0,982.6476146769263
1261.0,982.6476227764217
1262.0,982.6476307510561
1263.0,982.6476388742162
1264.0,982.6476468959636
1265.0,982.647655066094
1266.0,982.6476630919444
1267.0,982.6476712195542
1268.0,982.6476791472994
1269.0,982.647687131426
1270.0,982.6476948846342
1271.0,982.6477026749817
1272.0,982.6477102275805
1273.0,982.6477178132561
1274.0,982.6477251711376
1275.0,982.647732570927
1276.0,982.6477397577244
1277.0,982.647746998825
1278.0,982.6477540390553
1279.0,982.647761140672
1280.0,982.6477680448749
1281.0,982.6477750104506
1282.0,982.6477817777323
1283.0,982.6477886093877
1284.0,982.6477952438283
1285.0,982.6478019423886
1286.0,982.6478084437329
1287.0,982.6478150069944
1288.0,982.6478213739066
1289.0,982.6478278041996
1290.0,982.6478340421085
1291.0,982.6478403456092
1292.0,982.6478464595411
1293.0,982.6478526389136
1294.0,982.6478586303739
1295.0,982.6478646872782
1296.0,982.6478705567388
1297.0,982.6478764910099
1298.0,982.6478822375274
1299.0,982.6478880488673
1300.0,982.6478936759787
1301.0,982.647899370601
1302.0,982.6479048836526
1303.0,982.6479104667474
1304.0,982.6479158681088
1305.0,982.6479213380633
1306.0,982.6479266256083
1307.0,982.6479319822452
1308.0,982.6479371572615
1309.0,982.6479423993487
1310.0,982.6479474612152
1311.0,982.6479525932672
1312.0,982.6479575468625
1313.0,982.647962571895
1314.0,982.647967423388
1315.0,982.6479723476855
1316.0,982.6479770998651
1317.0,982.647981923917
1318.0,982.6479865745426
1319.0,982.6479912981149
1320.0,982.647995850936
1321.0,982.6480004755633
1322.0,982.6480049319701
1323.0,982.6480094648903
1324.0,982.6480138297202
1325.0,982.6480182696658
1326.0,982.6480225427531
1327.0,982.6480268911414
1328.0,982.6480310759844
1329.0,982.6480353367601
1330.0,982.6480394323833
1331.0,982.6480436061233
1332.0,982.6480476151223
1333.0,982.6480517024988
1334.0,982.6480556270938
1335.0,982.6480596306726
1336.0,982.6480634701987
1337.0,982.6480673875234
1338.0,982.6480711421656
1339.0,982.6480749749359
1340.0,982.6480786465303
1341.0,982.6480823984305
1342.0,982.6480859907655
1343.0,982.648089663427
1344.0,982.6480931801553
1345.0,982.6480967802166
1346.0,982.6481002274239
1347.0,982.648103760118
1348.0,982.6481071404969
1349.0,982.6481106057477
1350.0,982.6481139180668
1351.0,982.6481173140404
1352.0,982.6481205593162
1353.0,982.6481238904495
1354.0,982.6481270695857
1355.0,982.648130333433
1356.0,982.6481334481579
1357.0,982.6481366498226
1358.0,982.6481397023882
1359.0,982.6481428421401
1360.0,982.6481458309647
1361.0,982.6481489058999
1362.0,982.6481518310655
1363.0,982.6481548429736
1364.0,982.6481577046264
1365.0,982.648160654063
1366.0,982.6481634573801
1367.0,982.6481663490249
1368.0,982.6481690940227
1369.0,982.648171929511
1370.0,982.6481746203086
1371.0,982.6481774031641
1372.0,982.6481800433886
1373.0,982.6481827755774
1374.0,982.6481853637544
1375.0,982.6481880417384
1376.0,982.6481905756564
1377.0,982.6481932006633
1378.0,982.6481956833884
1379.0,982.6481982597979
1380.0,982.6482006953252
1381.0,982.6482032248588
1382.0,982.6482056139793
1383.0,982.648208097236
1384.0,982.6482104416044
1385.0,982.6482128808615
1386.0,982.6482151820211
1387.0,982.6482175775358
1388.0,982.6482198343264
1389.0,982.6482221861268
1390.0,982.6482243989603
1391.0,982.648226706965
1392.0,982.6482288785754
1393.0,982.6482311449518
1394.0,982.6482332733733
1395.0,982.6482354975749
1396.0,982.648237583003
1397.0,982.6482397634941
1398.0,982.6482418070451
1399.0,982.6482439468285
1400.0,982.6482459522932
1401.0,982.6482480571766
1402.0,982.648250029704
1403.0,982.6482521001957
1404.0,982.6482540383
1405.0,982.6482560757363
1406.0,982.6482579792406
1407.0,982.648259979665
1408.0,982.6482618464479
1409.0,982.6482638117819
1410.0,982.6482656434366
1411.0,982.6482675729036
1412.0,982.6482693691814
1413.0,982.6482712634881
1414.0,982.6482730246731
1415.0,982.6482748850984
1416.0,982.6482766117988
1417.0,982.6482784373263
1418.0,982.6482801309014
1419.0,982.6482819253249
1420.0,982.6482835887256
1421.0,982.6482853528132
1422.0,982.6482869845721
1423.0,982.6482887162874
1424.0,982.6482903176005
1425.0,982.6482920197335
1426.0,982.6482935925641
1427.0,982.6482952671571
1428.0,982.6482968123618
1429.0,982.6482984577136
1430.0,982.6482999707977
1431.0,982.6483015839601
1432.0,982.6483030663522
1433.0,982.6483046506148
1434.0,982.648306104565
1435.0,982.6483076605622
1436.0,982.648309087941
1437.0,982.6483106172342
1438.0,982.6483120170702
1439.0,982.6483135188729
1440.0,982.6483148925352
1441.0,982.6483163680278
1442.0,982.6483177148879
1443.0,982.6483191646008
1444.0,982.6483204875958
1445.0,982.6483219148853
1446.0,982.6483232156376
1447.0,982.6483246188143
1448.0,982.6483258939088
1449.0,982.6483272704819
1450.0,982.6483285190526
1451.0,982.6483298691041
1452.0,982.6483310928288
1453.0,982.648332419859
1454.0,982.6483336215778
1455.0,982.6483349258729
1456.0,982.6483361038887
1457.0,982.6483373853225
1458.0,982.6483385426867
1459.0,982.6483398051076
1460.0,982.6483409419516
1461.0,982.6483421817043
1462.0,982.648343295469
1463.0,982.6483445126562
1464.0,982.64834560575
1465.0,982.6483468034933
1466.0,982.648347877299
1467.0,982.6483490574952
1468.0,982.6483501136695
1469.0,982.6483512747668
1470.0,982.6483523123799
1471.0,982.6483534553395
1472.0,982.648354473036
1473.0,982.6483555952
1474.0,982.6483565921468
1475.0,982.64835769223
1476.0,982.6483586652812
1477.0,982.6483597420915
1478.0,982.6483606944222
1479.0,982.6483617512567
1480.0,982.6483626839561
1481.0,982.6483637225845
1482.0,982.6483646383567
1483.0,982.648365660176
1484.0,982.6483665588202
1485.0,982.6483675614277
1486.0,982.6483684396153
1487.0,982.6483694224146
1488.0,982.6483702805369
1489.0,982.6483712435862
1490.0,982.6483720833482
1491.0,982.6483730287307
1492.0,982.6483738522633
1493.0,982.6483747820058
1494.0,982.6483755894058
1495.0,982.6483765022058
1496.0,982.6483772924214
1497.0,982.648378189311
1498.0,982.6483789655672
1499.0,982.6483798505953
1500.0,982.6483806158509
1501.0,982.6483814892164
1502.0,982.6483822426782
1503.0,982.6483831052194
1504.0,982.6483838473116
1505.0,982.6483846973057
1506.0,982.6483854257862
1507.0,982.6483862601864
1508.0,982.6483869696943
1509.0,982.648387783672
1510.0,982.6483884750841
1511.0,982.6483892709604
1512.0,982.6483899440971
1513.0,982.6483907234955
1514.0,982.6483913809342
1515.0,982.6483921442873
1516.0,982.6483927853596
1517.0,982.6483935332618
1518.0,982.6483941608496
1519.0,982.6483948962014
1520.0,982.6483955112086
1521.0,982.648396233178
1522.0,982.6483968350977
1523.0,982.6483975458143
1524.0,982.6483981370186
1525.0,982.648398836053
1526.0,982.6483994155526
1527.0,982.6484001038159
1528.0,982.6484006712656
1529.0,982.6484013478364
1530.0,982.648401905651
1531.0,982.6484025728796
1532.0,982.6484031191096
1533.0,982.6484037744527
1534.0,982.648404309476
1535.0,982.6484049535637
1536.0,982.6484054783056
1537.0,982.6484061123365
1538.0,982.6484066280296
1539.0,982.6484072537424
1540.0,982.6484077605489
1541.0,982.6484083772452
1542.0,982.648408875804
1543.0,982.6484094822941
1544.0,982.648409969985
1545.0,982.6484105659313
1546.0,982.6484110421045
1547.0,982.648411626623
1548.0,982.6484120919272
1549.0,982.648412666484
1550.0,982.6484131214144
1551.0,982.6484136846445
1552.0,982.6484141304184
1553.0,982.6484146862372
1554.0,982.6484151230038
1555.0,982.6484156691636
1556.0,982.6484160969717
1557.0,982.6484166349223
1558.0,982.648417054889
1559.0,982.6484175865018
1560.0,982.648418000547
1561.0,982.6484185251148
1562.0,982.6484189309562
1563.0,982.648419447093
1564.0,982.6484198463709
1565.0,982.6484203565934
1566.0,982.648420748247
1567.0,982.648421250925
1568.0,982.6484216355591
1569.0,982.6484221303641
1570.0,982.6484225071694
1571.0,982.6484229941939
1572.0,982.6484233628113
1573.0,982.6484238411409
1574.0,982.6484242005008
1575.0,982.6484246687994
1576.0,982.6484250179341
1577.0,982.6484254761261
1578.0,982.6484258157082
1579.0,982.6484262663366
1580.0,982.6484266005436
1581.0,982.6484270474436
1582.0,982.6484273788298
1583.0,982.6484278227437
1584.0,982.6484281507668
1585.0,982.6484285901334
1586.0,982.6484289133411
1587.0,982.6484293470767
1588.0,982.6484296626174
1589.0,982.6484300874505
1590.0,982.6484303930781
1591.0,982.6484308070427
1592.0,982.6484311016368
1593.0,982.6484315052267
1594.0,982.6484317901455
1595.0,982.6484321818485
1596.0,982.6484324554389
1597.0,982.648432839149
1598.0,982.6484331057778
1599.0,982.6484334838734
1600.0,982.6484337465172
1601.0,982.6484341211478
1602.0,982.6484343788451
1603.0,982.6484347482093
1604.0,982.6484350011771
1605.0,982.6484353648639
1606.0,982.6484356109044
1607.0,982.6484359665832
1608.0,982.6484362048946
1609.0,982.6484365516275
1610.0,982.6484367797023
1611.0,982.6484371168702
1612.0,982.6484373378039
1613.0,982.6484376697695
1614.0,982.6484378849666
1615.0,982.6484382103
1616.0,982.6484384186773
1617.0,982.6484387393693
1618.0,982.648438945252
1619.0,982.6484392620729
1620.0,982.6484394625094
1621.0,982.6484397740884
1622.0,982.6484399697011
1623.0,982.6484402774233
1624.0,982.648440471307
1625.0,982.648440778779
1626.0,982.6484409701677
1627.0,982.6484412729782
1628.0,982.6484414612733
1629.0,982.6484417613781
1630.0,982.6484419442507
1631.0,982.6484422372521
1632.0,982.6484424132904
1633.0,982.648442698991
1634.0,982.64844286676
1635.0,982.6484431443079
1636.0,982.6484433058192
1637.0,982.6484435811337
1638.0,982.6484437411646
1639.0,982.6484440131303
1640.0,982.6484441703225
1641.0,982.6484444398172
1642.0,982.6484445936641
1643.0,982.6484448595564
1644.0,982.6484450106582
1645.0,982.6484452741374
1646.0,982.6484454220277
1647.0,982.6484456806484
1648.0,982.6484458244048
1649.0,982.6484460803786
1650.0,982.648446221159
1651.0,982.6484464742972
1652.0,982.6484466127522
1653.0,982.648446864133
1654.0,982.6484470019769
1655.0,982.6484472525076
1656.0,982.6484473893212
1657.0,982.6484476407256
1658.0,982.6484477772252
1659.0,982.6484480251742
1660.0,982.6484481595675
1661.0,982.6484484053831
1662.0,982.6484485345574
1663.0,982.6484487755692
1664.0,982.6484489010982
1665.0,982.648449138489
1666.0,982.6484492594152
1667.0,982.6484494930623
1668.0,982.6484496119465
1669.0,982.6484498435682
1670.0,982.6484499585345
1671.0,982.6484501841734
1672.0,982.6484502951986
1673.0,982.6484505182075
1674.0,982.648450624851
1675.0,982.6484508413527
1676.0,982.648450940512
1677.0,982.6484511503849
1678.0,982.6484512447702
1679.0,982.6484514514993
1680.0,982.6484515432658
1681.0,982.6484517466318
1682.0,982.6484518349157
1683.0,982.6484520350015
1684.0,982.6484521205664
1685.0,982.6484523183376
1686.0,982.6484524009614
1687.0,982.6484525939276
1688.0,982.6484526707086
1689.0,982.6484528597164
1690.0,982.6484529352193
1691.0,982.6484531225342
1692.0,982.648453196981
1693.0,982.6484533856775
1694.0,982.6484534606058
1695.0,982.6484536482272
1696.0,982.64845372106
1697.0,982.6484539067714
1698.0,982.6484539784116
1699.0,982.6484541624332
1700.0,982.6484542326884
1701.0,982.6484544159399
1702.0,982.6484544851713
1703.0,982.6484546675767
1704.0,982.6484547354089
1705.0,982.648454913846
1706.0,982.648454975283
1707.0,982.6484551467308
1708.0,982.6484552027638
1709.0,982.6484553708544
1710.0,982.648455423194
1711.0,982.6484555867191
1712.0,982.6484556349915
1713.0,982.6484557956974
1714.0,982.6484558423749
1715.0,982.6484560020119
1716.0,982.6484560463092
1717.0,982.6484562015053
1718.0,982.6484562420675
1719.0,982.6484563945137
1720.0,982.6484564333205
1721.0,982.6484565855919
1722.0,982.6484566249665
1723.0,982.6484567777115
1724.0,982.6484568160456
1725.0,982.6484569662709
1726.0,982.6484570014925
1727.0,982.6484571495023
1728.0,982.6484571833812
1729.0,982.6484573310601
1730.0,982.6484573635014
1731.0,982.6484575079952
1732.0,982.6484575380625
1733.0,982.6484576820508
1734.0,982.6484577123672
1735.0,982.6484578555538
1736.0,982.6484578841187
1737.0,982.6484580256262
1738.0,982.6484580549367
1739.0,982.6484581986138
1740.0,982.6484582293984
1741.0,982.6484583731534
1742.0,982.64845840302
1743.0,982.6484585451176
1744.0,982.648458573306
1745.0,982.6484587137398
1746.0,982.6484587400786
1747.0,982.6484588776017
1748.0,982.6484589001035
1749.0,982.6484590347227
1750.0,982.6484590562518
1751.0,982.6484591903882
1752.0,982.6484592105068
1753.0,982.6484593426137
1754.0,982.6484593604517
1755.0,982.648459490909
1756.0,982.6484595077908
1757.0,982.6484596378103
1758.0,982.6484596545522
1759.0,982.6484597839028
1760.0,982.6484597998334
1761.0,982.6484599277834
1762.0,982.6484599409589
1763.0,982.648460066589
1764.0,982.6484600789747
1765.0,982.6484602027
1766.0,982.6484602110821
1767.0,982.6484603302421
1768.0,982.6484603358122
1769.0,982.6484604550178
1770.0,982.6484604603052
1771.0,982.6484605776375
1772.0,982.6484605811409
1773.0,982.6484606969774
1774.0,982.6484606995326
1775.0,982.648460814852
1776.0,982.6484608175316
1777.0,982.6484609332784
1778.0,982.6484609364331
1779.0,982.6484610528803
1780.0,982.648461055643
1781.0,982.6484611708537
1782.0,982.6484611719836
1783.0,982.6484612858136
1784.0,982.6484612863735
1785.0,982.6484613996525
1786.0,982.6484614005643
1787.0,982.6484615136443
1788.0,982.6484615123381
1789.0,982.6484616229666
1790.0,982.6484616205219
1791.0,982.6484617318645
1792.0,982.6484617303568
1793.0,982.6484618426109
1794.0,982.6484618409982
1795.0,982.6484619508608
1796.0,982.6484619457427
1797.0,982.6484620530416
1798.0,982.648462046892
1799.0,982.6484621532253
1800.0,982.6484621446119
1801.0,982.6484622477287
1802.0,982.6484622375602
1803.0,982.6484623396411
1804.0,982.6484623289108
1805.0,982.6484624323227
1806.0,982.6484624222492
1807.0,982.6484625258241
1808.0,982.6484625163002
1809.0,982.6484626202642
1810.0,982.6484626128396
1811.0,982.6484627190099
1812.0,982.648462711878
1813.0,982.6484628182454
1814.0,982.6484628105661
1815.0,982.6484629148969
1816.0,982.6484629045008
1817.0,982.6484630065189
1818.0,982.6484629938461
1819.0,982.6484630928741
1820.0,982.6484630769805
1821.0,982.6484631730756
1822.0,982.6484631557482
1823.0,982.6484632526681
1824.0,982.6484632373118
1825.0,982.6484633348279
1826.0,982.6484633193056
1827.0,982.6484634168924
1828.0,982.648463399197
1829.0,982.6484634953845
1830.0,982.6484634772621
1831.0,982.6484635701039
1832.0,982.6484635490073
1833.0,982.6484636417318
1834.0,982.6484636218033
1835.0,982.6484637149782
1836.0,982.6484636933375
1837.0,982.648463785382
1838.0,982.6484637624329
1839.0,982.6484638517592
1840.0,982.6484638268066
1841.0,982.6484639148742
1842.0,982.6484638891011
1843.0,982.6484639754985
1844.0,982.6484639467903
1845.0,982.6484640311554
1846.0,982.6484640022993
1847.0,982.6484640862496
1848.0,982.6484640570097
1849.0,982.6484641412098
1850.0,982.6484641121219
1851.0,982.6484641969272
1852.0,982.6484641689594
1853.0,982.6484642545361
1854.0,982.6484642254314
1855.0,982.6484643091583
1856.0,982.6484642793182
1857.0,982.648464361431
1858.0,982.6484643309856
1859.0,982.6484644129714
1860.0,982.6484643800412
1861.0,982.6484644591543
1862.0,982.6484644242448
1863.0,982.6484645017198
1864.0,982.6484644651954
1865.0,982.6484645416502
1866.0,982.6484645037583
1867.0,982.6484645784004
1868.0,982.6484645399569
1869.0,982.6484646155777
1870.0,982.6484645779042
1871.0,982.6484646548342
1872.0,982.6484646200281
1873.0,982.6484647001764
1874.0,982.6484646675248
1875.0,982.6484647477512
1876.0,982.6484647129269
1877.0,982.6484647906584
1878.0,982.6484647552401
1879.0,982.6484648330198
1880.0,982.6484647971912
1881.0,982.6484648746169
1882.0,982.6484648387576
1883.0,982.6484649168359
1884.0,982.6484648827225
1885.0,982.6484649621656
1886.0,982.6484649284826
1887.0,982.6484650078777
1888.0,982.6484649738014
1889.0,982.6484650536567
1890.0,982.6484650200152
1891.0,982.6484650991182
1892.0,982.6484650645681
1893.0,982.6484651426192
1894.0,982.6484651063936
1895.0,982.6484651839907
1896.0,982.6484651486567
1897.0,982.6484652262601
1898.0,982.6484651901702
1899.0,982.6484652669355
1900.0,982.6484652297048
1901.0,982.6484653062757
1902.0,982.6484652689948
1903.0,982.6484653439289
1904.0,982.6484653042564
1905.0,982.6484653762102
1906.0,982.6484653331389
1907.0,982.6484654029035
1908.0,982.6484653593848
1909.0,982.6484654293079
1910.0,982.6484653872051
1911.0,982.6484654606528
1912.0,982.648465423046
1913.0,982.648465500984
1914.0,982.6484654669258
1915.0,982.6484655475042
1916.0,982.6484655149837
1917.0,982.6484655962843
1918.0,982.6484655640473
1919.0,982.6484656443754
1920.0,982.648465610295
1921.0,982.6484656881343
1922.0,982.6484656523228
1923.0,982.6484657295912
1924.0,982.6484656931552
1925.0,982.6484657696558
1926.0,982.6484657324335
1927.0,982.6484658078851
1928.0,982.6484657696361
1929.0,982.648465844724
1930.0,982.6484658059605
1931.0,982.6484658790251
1932.0,982.6484658387367
1933.0,982.6484659110245
1934.0,982.6484658694802
1935.0,982.648465941269
1936.0,982.6484659003609
1937.0,982.648465972221
1938.0,982.6484659300146
1939.0,982.6484659996904
1940.0,982.6484659554967
1941.0,982.6484660241298
1942.0,982.6484659799794
1943.0,982.64846604978
1944.0,982.6484660072823
1945.0,982.6484660785138
1946.0,982.6484660355667
1947.0,982.6484661057933
1948.0,982.6484660637498
1949.0,982.6484661359127
1950.0,982.6484660938016
1951.0,982.6484661640766
1952.0,982.6484661210322
1953.0,982.6484661908171
1954.0,982.6484661462391
1955.0,982.6484662153113
1956.0,982.6484661724257
1957.0,982.6484662430261
1958.0,982.6484662000435
1959.0,982.6484662696193
1960.0,982.6484662260253
1961.0,982.6484662946553
1962.0,982.6484662497587
1963.0,982.6484663184793
1964.0,982.6484662727121
1965.0,982.6484663388592
1966.0,982.6484662907775
1967.0,982.6484663564611
1968.0,982.6484663090588
1969.0,982.6484663749222
1970.0,982.6484663290162
1971.0,982.6484663971648
1972.0,982.6484663528374
1973.0,982.648466422832
1974.0,982.6484663797225
1975.0,982.6484664497411
1976.0,982.6484664067132
1977.0,982.6484664763993
1978.0,982.6484664323606
1979.0,982.6484665012778
1980.0,982.6484664565545
1981.0,982.6484665250891
1982.0,982.6484664817385
1983.0,982.6484665522237
1984.0,982.6484665095745
1985.0,982.648466579382
1986.0,982.6484665348198
1987.0,982.6484666039185
1988.0,982.6484665604555
1989.0,982.6484666307887
1990.0,982.648466587787
1991.0,982.6484666581329
1992.0,982.6484666154388
1993.0,982.6484666860296
1994.0,982.648466642473
1995.0,982.6484667117944
1996.0,982.6484666678672
1997.0,982.6484667368975
1998.0,982.6484666907753
1999.0,982.6484667578536
2000.0,982.6484667106838
