"Iteration","Lift Coefficient Monitor: Lift Coefficient Monitor"
1.0,3.488256616964161
2.0,2.3956816987415155
3.0,1.3891619158978095
4.0,0.8116693590013734
5.0,0.5839156707158828
6.0,0.46572253543310504
7.0,0.39648320655515895
8.0,0.3641150719420262
9.0,0.36578267170630113
10.0,0.3907913138300862
11.0,0.4180613686773581
12.0,0.4377417326872303
13.0,0.4533491358078748
14.0,0.466237361941308
15.0,0.47288096450765504
16.0,0.4875807130043059
17.0,0.49552371909591647
18.0,0.511528332373755
19.0,0.5253884739494028
20.0,0.5373223203950632
21.0,0.551912878179345
22.0,0.559500758489342
23.0,0.5711331768428408
24.0,0.5814086437886467
25.0,0.5912839067694368
26.0,0.6005128559977815
27.0,0.6093303643757326
28.0,0.619493018866431
29.0,0.62628771351907
30.0,0.6355324524367553
31.0,0.6429125341430985
32.0,0.6501331932824654
33.0,0.6571772642132919
34.0,0.6640285447132747
35.0,0.6704881880789737
36.0,0.6766691925888328
37.0,0.6824830585162663
38.0,0.6880225033785557
39.0,0.6932095865991881
40.0,0.6981373192616258
41.0,0.7026969955133614
42.0,0.7069213388653399
43.0,0.7103945351184676
44.0,0.714814133623395
45.0,0.717820860215316
46.0,0.7210464797891435
47.0,0.724091242721181
48.0,0.7267734275396873
49.0,0.7291247218054614
50.0,0.7311954013271645
51.0,0.7329930783052746
52.0,0.7345345482556509
53.0,0.7358712201357541
54.0,0.736975279936439
55.0,0.7378719492204234
56.0,0.7385635227038851
57.0,0.7390774080871633
58.0,0.7394126845472143
59.0,0.7396004840044043
60.0,0.7397004081545417
61.0,0.7397283490066313
62.0,0.7396453552221872
63.0,0.7394767133898629
64.0,0.7393322778961978
65.0,0.7392196847819388
66.0,0.7390357695673947
67.0,0.7389509286713573
68.0,0.7389525770747968
69.0,0.7390235313959136
70.0,0.7391161119431404
71.0,0.7394806137457381
72.0,0.7396314826201482
73.0,0.7402719696769802
74.0,0.7405496914624522
75.0,0.7415033797267856
76.0,0.7422775732600366
77.0,0.7430435296490302
78.0,0.7439019405258236
79.0,0.7448773581169194
80.0,0.7459661270507091
81.0,0.7471426601957799
82.0,0.7483992217046944
83.0,0.7500077950044487
84.0,0.751056771306608
85.0,0.7527282303584076
86.0,0.7538959790671799
87.0,0.7557141154523945
88.0,0.7572032739439137
89.0,0.7587028747678171
90.0,0.7602489212257086
91.0,0.7618222874010726
92.0,0.7634061947932798
93.0,0.7649727327440743
94.0,0.766523305066267
95.0,0.7680521296553968
96.0,0.7695669373079332
97.0,0.7710577850091425
98.0,0.7725174756811293
99.0,0.7739355429073116
100.0,0.7753480695419469
101.0,0.7767106696074229
102.0,0.778039690377025
103.0,0.7793288975852911
104.0,0.7805879769713916
105.0,0.7816649339369232
106.0,0.7830598580298941
107.0,0.7840878675513052
108.0,0.7852247193955146
109.0,0.7863728663966492
110.0,0.7874817130297873
111.0,0.7885456101727464
112.0,0.7895728530794366
113.0,0.7905706765100041
114.0,0.791543472689836
115.0,0.7924925856754345
116.0,0.7934269061546653
117.0,0.7943289327713677
118.0,0.7952104027301351
119.0,0.7960717888375057
120.0,0.7969188737911722
121.0,0.797746979951027
122.0,0.7985526331636359
123.0,0.7993445977110433
124.0,0.8001140470340858
125.0,0.8008649177672681
126.0,0.8015947415407757
127.0,0.8023127044494813
128.0,0.8030159610432057
129.0,0.8037007642911911
130.0,0.8043660088967661
131.0,0.805012044846557
132.0,0.8056424464095103
133.0,0.8062524492346547
134.0,0.8068446040198817
135.0,0.8074213884847578
136.0,0.8079790307145592
137.0,0.8085194100135056
138.0,0.8090431180165227
139.0,0.8095502560508685
140.0,0.8100408971638472
141.0,0.8105128625530436
142.0,0.8109694885380028
143.0,0.8114106063641844
144.0,0.8118362094025076
145.0,0.8122466739089247
146.0,0.8126430496166075
147.0,0.8130258358444163
148.0,0.8133959215978322
149.0,0.8137496138951981
150.0,0.8140944938331269
151.0,0.8144293236689633
152.0,0.8147531443741693
153.0,0.8150666217514008
154.0,0.8153712364526428
155.0,0.815667621991739
156.0,0.8159564674666311
157.0,0.8162384072969262
158.0,0.8165143476993777
159.0,0.8167847822271023
160.0,0.8170507633117707
161.0,0.8173130574129924
162.0,0.8175724002327066
163.0,0.8178294106307146
164.0,0.8180844882116252
165.0,0.8183381888378642
166.0,0.8185908747009667
167.0,0.8188430384169396
168.0,0.8190948038893849
169.0,0.8193460227382751
170.0,0.8195976156736087
171.0,0.8198849178872777
172.0,0.8200989420690715
173.0,0.8203783278250354
174.0,0.8206293428778841
175.0,0.8208778005302508
176.0,0.8211294136849631
177.0,0.8213877371064169
178.0,0.8216486355521375
179.0,0.8219097486621004
180.0,0.8221703211276257
181.0,0.8224525592211734
182.0,0.822681026192725
183.0,0.8229660651162537
184.0,0.8231998757752551
185.0,0.8234873313360315
186.0,0.8237212454435701
187.0,0.8240075894167815
188.0,0.8242405937353512
189.0,0.8245250631692828
190.0,0.8247561188826256
191.0,0.8250375828483381
192.0,0.8252658736336621
193.0,0.8255439049324496
194.0,0.8257690592699723
195.0,0.8260429916020096
196.0,0.8262647925163141
197.0,0.8265338443088741
198.0,0.8267508267539498
199.0,0.827014155913712
200.0,0.8272258751809082
201.0,0.8274838672005284
202.0,0.8276918984516759
203.0,0.8279442671236538
204.0,0.828146846728136
205.0,0.828393421893818
206.0,0.8285908381472148
207.0,0.8288310327970416
208.0,0.8290229017991633
209.0,0.8292381037546966
210.0,0.8294517302485376
211.0,0.8296593256108766
212.0,0.8298621620748103
213.0,0.8300617205385179
214.0,0.830258160245306
215.0,0.8304518045096803
216.0,0.8306426326250785
217.0,0.830830597631606
218.0,0.8310156647302923
219.0,0.8311978504367535
220.0,0.8313770434490084
221.0,0.8315536131468759
222.0,0.8317274552227716
223.0,0.8318985284774111
224.0,0.8320668984353498
225.0,0.8322326579481745
226.0,0.8323957611740227
227.0,0.8325561255149052
228.0,0.8327139076773603
229.0,0.832869167428079
230.0,0.8330219161576862
231.0,0.8331721727071286
232.0,0.8333200233563892
233.0,0.8334654747251581
234.0,0.8336085333946059
235.0,0.8337492483336582
236.0,0.8338876632197884
237.0,0.834023889539881
238.0,0.8341578694969286
239.0,0.8342896309907718
240.0,0.8344192623892986
241.0,0.8345468693906781
242.0,0.8346724314154929
243.0,0.8347959720383641
244.0,0.8349175402202154
245.0,0.8350371874462543
246.0,0.8351549576955334
247.0,0.8352708852856534
248.0,0.8353849766915142
249.0,0.8354972848849634
250.0,0.8356078784542529
251.0,0.8357167566283512
252.0,0.8358239911897657
253.0,0.8359296503004823
254.0,0.8360337587054055
255.0,0.8361363216275682
256.0,0.8362373711529492
257.0,0.8363369637992046
258.0,0.8364351281992758
259.0,0.836539808187904
260.0,0.8366231049625705
261.0,0.8367260689513063
262.0,0.8368088926510837
263.0,0.8369099839948904
264.0,0.836990692081696
265.0,0.8370890633667322
266.0,0.8371675822220996
267.0,0.8372632667609672
268.0,0.8373397242492362
269.0,0.8374328608494684
270.0,0.837507342805615
271.0,0.8375980589766222
272.0,0.8376706644101479
273.0,0.8377590667361807
274.0,0.8378298621844892
275.0,0.8379160194491093
276.0,0.8379850535434319
277.0,0.8380690366079389
278.0,0.8381363638518848
279.0,0.8382182422484076
280.0,0.838283897980372
281.0,0.8383637264929517
282.0,0.8384277469724404
283.0,0.8385055773804208
284.0,0.8385679919984431
285.0,0.8386438635365644
286.0,0.8387047032524534
287.0,0.8387786630298931
288.0,0.8388379638879218
289.0,0.8389100750018526
290.0,0.8389678577825569
291.0,0.8390379692007046
292.0,0.8390942555504557
293.0,0.8391625753937266
294.0,0.8392173929868265
295.0,0.8392839306279296
296.0,0.8393373153052379
297.0,0.8394020676993998
298.0,0.8394540075839889
299.0,0.8395169943093092
300.0,0.8395675129568865
301.0,0.8396287717804279
302.0,0.8396779056684064
303.0,0.8397374793746782
304.0,0.8397852430791838
305.0,0.8398431214582192
306.0,0.8398895328548593
307.0,0.8399457794460821
308.0,0.8399908767861987
309.0,0.8400455263434667
310.0,0.8400893395349119
311.0,0.8401424161294623
312.0,0.8401849531605544
313.0,0.8402364895795347
314.0,0.840277781941745
315.0,0.8403278202619636
316.0,0.8403679012904861
317.0,0.8404164777406876
318.0,0.8404553848872822
319.0,0.840502539147025
320.0,0.8405403034617843
321.0,0.8405860612326845
322.0,0.8406227107996112
323.0,0.8406671188071777
324.0,0.8407027602064667
325.0,0.8407458168909391
326.0,0.8407803383069989
327.0,0.8408221289500926
328.0,0.8408556479218583
329.0,0.8408962196251699
330.0,0.8409287593139795
331.0,0.8409681333541746
332.0,0.8409997159175898
333.0,0.841037934515733
334.0,0.8410685866533133
335.0,0.8411056866988825
336.0,0.8411354374321093
337.0,0.8411714519821387
338.0,0.8412003303425815
339.0,0.8412352915236562
340.0,0.8412633242571862
341.0,0.8412972642040768
342.0,0.8413244790691935
343.0,0.8413574292717421
344.0,0.8413838518772111
345.0,0.8414158429846326
346.0,0.8414414963049939
347.0,0.8414725672538669
348.0,0.841497482263465
349.0,0.8415276536475711
350.0,0.8415518562649833
351.0,0.8415811496779214
352.0,0.841604656494938
353.0,0.8416331070146973
354.0,0.8416559409841358
355.0,0.8416835769786867
356.0,0.8417057575903615
357.0,0.8417326047037132
358.0,0.8417541531618494
359.0,0.8417802365988835
360.0,0.8418011732738904
361.0,0.8418265170712262
362.0,0.8418468618910168
363.0,0.8418714890162576
364.0,0.841891260789964
365.0,0.8419151935304563
366.0,0.8419344100074486
367.0,0.841957669977275
368.0,0.8419763472903083
369.0,0.8419989552041457
370.0,0.8420171098799337
371.0,0.8420390856655446
372.0,0.8420567334351154
373.0,0.8420780963371723
374.0,0.8420952526756863
375.0,0.8421160210246911
376.0,0.8421326992080204
377.0,0.8421528893284611
378.0,0.8421691034721125
379.0,0.8421887327267452
380.0,0.8422044963764813
381.0,0.8422235808928995
382.0,0.8422389066957242
383.0,0.842257461217296
384.0,0.8422723603011301
385.0,0.8422904008062931
386.0,0.8423048854118044
387.0,0.8423224267432687
388.0,0.8423365090223498
389.0,0.8423535642169552
390.0,0.8423672554851
391.0,0.8423838357186633
392.0,0.8423971460730638
393.0,0.8424132639224883
394.0,0.8424262037011352
395.0,0.8424418716775142
396.0,0.8424544505037493
397.0,0.8424696804908142
398.0,0.8424819079675465
399.0,0.8424967120058511
400.0,0.8425085973578822
401.0,0.8425229868456808
402.0,0.8425345388977297
403.0,0.8425485248988961
404.0,0.8425597524906737
405.0,0.842573345712213
406.0,0.8425842575007554
407.0,0.8425974683070377
408.0,0.8426080726446307
409.0,0.8426209111544909
410.0,0.8426312162376708
411.0,0.8426436924852506
412.0,0.8426537064213727
413.0,0.8426658302427654
414.0,0.8426755608147048
415.0,0.8426873415755743
416.0,0.8426967963669267
417.0,0.842708242680443
418.0,0.8427174298394043
419.0,0.8427285518739853
420.0,0.8427374791251773
421.0,0.8427482858521753
422.0,0.8427569602828536
423.0,0.8427674604839883
424.0,0.842775889465662
425.0,0.8427860910350423
426.0,0.8427942810707953
427.0,0.8428041923682926
428.0,0.8428121504287301
429.0,0.8428217801687881
430.0,0.8428295133206051
431.0,0.8428388694618889
432.0,0.8428463841234629
433.0,0.8428554752616836
434.0,0.8428627774829507
435.0,0.8428716108908707
436.0,0.8428787064941917
437.0,0.8428872893776681
438.0,0.8428941842510532
439.0,0.842902524200209
440.0,0.8429092231544255
441.0,0.8429173266117441
442.0,0.8429238355774303
443.0,0.8429317104537608
444.0,0.8429380351896858
445.0,0.8429456880163723
446.0,0.8429518334991489
447.0,0.842959270480625
448.0,0.8429652416719227
449.0,0.8429724691711922
450.0,0.842978271367984
451.0,0.8429852951212251
452.0,0.842990933252932
453.0,0.842997758902394
454.0,0.8430032378576185
455.0,0.8430098709928366
456.0,0.8430151954065654
457.0,0.8430216415664364
458.0,0.8430268159380194
459.0,0.843033080520136
460.0,0.8430381092128341
461.0,0.8430441974364218
462.0,0.8430490846347641
463.0,0.8430550015453921
464.0,0.8430597513345714
465.0,0.8430655018247524
466.0,0.8430701181030581
467.0,0.8430757068912138
468.0,0.8430801934202558
469.0,0.8430856250983845
470.0,0.843089985574014
471.0,0.8430952645733678
472.0,0.8430995025759
473.0,0.8431046332545629
474.0,0.8431087522312495
475.0,0.843113738780137
476.0,0.843117742064578
477.0,0.8431225885748004
478.0,0.8431264794603416
479.0,0.8431311898713408
480.0,0.8431349715012273
481.0,0.8431395496158571
482.0,0.8431432250642639
483.0,0.8431476746128486
484.0,0.8431512468427944
485.0,0.8431555714204018
486.0,0.8431590432993815
487.0,0.8431632463968174
488.0,0.8431666207497698
489.0,0.8431707057704032
490.0,0.8431739853022103
491.0,0.8431779555373511
492.0,0.8431811428848871
493.0,0.8431850015430824
494.0,0.8431880992912163
495.0,0.8431918494854016
496.0,0.8431948601197014
497.0,0.8431985048522771
498.0,0.8432014308089552
499.0,0.843204973011039
500.0,0.8432078166494981
501.0,0.8432112591912845
502.0,0.843214022779688
503.0,0.8432173684215768
504.0,0.8432200541973618
505.0,0.843223305655889
506.0,0.8432259158219974
507.0,0.8432290757133496
508.0,0.8432316123854736
509.0,0.8432346832886275
510.0,0.8432371485307253
511.0,0.8432401329276308
512.0,0.8432425287151778
513.0,0.8432454290156522
514.0,0.843247757296489
515.0,0.8432505758734451
516.0,0.8432528385384473
517.0,0.8432555776822223
518.0,0.8432577765756001
519.0,0.8432604385096616
520.0,0.8432625754114356
521.0,0.8432651622817607
522.0,0.8432672389332556
523.0,0.8432697528621544
524.0,0.8432717709612139
525.0,0.8432742140050149
526.0,0.8432761752022602
527.0,0.8432785493731948
528.0,0.8432804552601944
529.0,0.8432827624642792
530.0,0.8432846145849199
531.0,0.8432868567193172
532.0,0.843288656611736
533.0,0.843290835512418
534.0,0.8432925846449707
535.0,0.8432947020956076
536.0,0.8432964023194546
537.0,0.8432984599115407
538.0,0.843300111961238
539.0,0.8433021104533676
540.0,0.843303715907491
541.0,0.8433056583160184
542.0,0.8433072185596664
543.0,0.8433091063345439
544.0,0.8433106225152803
545.0,0.8433124570689988
546.0,0.8433139303904176
547.0,0.8433157131687444
548.0,0.8433171448266443
549.0,0.8433188773229479
550.0,0.8433202685725038
551.0,0.8433219522335293
552.0,0.8433233042329514
553.0,0.843324940390525
554.0,0.8433262542651646
555.0,0.8433278442979135
556.0,0.8433291211539956
557.0,0.8433306663428858
558.0,0.8433319072763575
559.0,0.8433334088258942
560.0,0.8433346147332742
561.0,0.8433360740436319
562.0,0.8433372460360498
563.0,0.8433386643153992
564.0,0.8433398033037096
565.0,0.8433411816762229
566.0,0.8433422886048706
567.0,0.8433436281659527
568.0,0.8433447039495753
569.0,0.8433460058109025
570.0,0.8433470513218736
571.0,0.8433483165293066
572.0,0.8433493325759225
573.0,0.8433505621491156
574.0,0.8433515495732101
575.0,0.843352744511221
576.0,0.8433537041346054
577.0,0.8433548654183255
578.0,0.8433557980164148
579.0,0.8433569266123367
580.0,0.8433578329593882
581.0,0.8433589297845596
582.0,0.8433598106164374
583.0,0.8433608765666922
584.0,0.8433617326163013
585.0,0.8433627685514722
586.0,0.8433636005012233
587.0,0.8433646072621741
588.0,0.8433654157830588
589.0,0.8433663942042836
590.0,0.8433671799520536
591.0,0.8433681308360419
592.0,0.8433688944764882
593.0,0.84336981859502
594.0,0.8433705607384497
595.0,0.8433714588389306
596.0,0.8433721800858853
597.0,0.8433730529038999
598.0,0.8433737538554014
599.0,0.8433746021132
600.0,0.8433752833286097
601.0,0.8433761077040113
602.0,0.8433767697431267
603.0,0.8433775708945138
604.0,0.8433782142600806
605.0,0.8433789928238107
606.0,0.8433796180464899
607.0,0.8433803746610521
608.0,0.843380982275163
609.0,0.8433817175598943
610.0,0.8433823080294355
611.0,0.8433830225797336
612.0,0.8433835964101828
613.0,0.8433842908202305
614.0,0.8433848484714377
615.0,0.8433855233188294
616.0,0.8433860652691536
617.0,0.8433867211187792
618.0,0.8433872478165739
619.0,0.8433878851884339
620.0,0.8433883970393358
621.0,0.8433890164407911
622.0,0.8433895138540052
623.0,0.8433901157919006
624.0,0.8433905991772304
625.0,0.8433911841412279
626.0,0.8433916538919022
627.0,0.8433922223509245
628.0,0.8433926788467191
629.0,0.8433932312667309
630.0,0.8433936748997245
631.0,0.8433942117573714
632.0,0.8433946428772248
633.0,0.8433951646019447
634.0,0.8433955835833001
635.0,0.8433960906151624
636.0,0.8433964977925519
637.0,0.8433969905317847
638.0,0.8433973862278548
639.0,0.8433978650772002
640.0,0.843398249620751
641.0,0.8433987149765577
642.0,0.8433990886813997
643.0,0.8433995409161522
644.0,0.8433999040852852
645.0,0.8434003435764298
646.0,0.8434006965147544
647.0,0.8434011236109686
648.0,0.8434014665971276
649.0,0.8434018816529275
650.0,0.8434022149622613
651.0,0.8434026183051962
652.0,0.843402942215482
653.0,0.8434033341905676
654.0,0.843403648971138
655.0,0.843404029901125
656.0,0.8434043358097705
657.0,0.8434047060002964
658.0,0.8434050032871115
659.0,0.8434053630407514
660.0,0.8434056519456629
661.0,0.8434060015637977
662.0,0.843406282325492
663.0,0.8434066220984258
664.0,0.8434068949595126
665.0,0.8434072251585822
666.0,0.8434074903392546
667.0,0.8434078112477309
668.0,0.8434080689606803
669.0,0.8434083808268548
670.0,0.8434086312741661
671.0,0.8434089343508947
672.0,0.8434091777352095
673.0,0.8434094722843781
674.0,0.843409708831742
675.0,0.843409995092516
676.0,0.8434102249724894
677.0,0.8434105031719805
678.0,0.8434107265848895
679.0,0.8434109969530904
680.0,0.8434112140750137
681.0,0.8434114768347393
682.0,0.8434116878487657
683.0,0.8434119432042609
684.0,0.8434121482769131
685.0,0.8434123964468375
686.0,0.843412595746392
687.0,0.8434128369305064
688.0,0.8434130306178681
689.0,0.843413265012786
690.0,0.8434134532484251
691.0,0.8434136810343741
692.0,0.8434138639683642
693.0,0.843414085349399
694.0,0.8434142631364431
695.0,0.8434144782897552
696.0,0.8434146510612144
697.0,0.8434148601471603
698.0,0.8434150280524351
699.0,0.8434152312454029
700.0,0.8434153944206539
701.0,0.8434155918933034
702.0,0.843415750471918
703.0,0.8434159423747338
704.0,0.8434160964720819
705.0,0.8434162829600218
706.0,0.8434164327209158
707.0,0.843416613959484
708.0,0.8434167594997938
709.0,0.8434169356289846
710.0,0.8434170770620432
711.0,0.8434172482214732
712.0,0.843417385665742
713.0,0.8434175520045503
714.0,0.8434176855790244
715.0,0.8434178472345317
716.0,0.8434179770491578
717.0,0.8434181341536038
718.0,0.8434182603252376
719.0,0.8434184130125777
720.0,0.8434185356326932
721.0,0.8434186840278034
722.0,0.8434188031970736
723.0,0.8434189474103813
724.0,0.843419063222299
725.0,0.8434192033739114
726.0,0.8434193159282373
727.0,0.8434194521313082
728.0,0.8434195615040341
729.0,0.843419693860295
730.0,0.8434198001399164
731.0,0.8434199287582163
732.0,0.8434200320475123
733.0,0.8434201570324481
734.0,0.843420257393383
735.0,0.8434203788467843
736.0,0.8434204763802311
737.0,0.843420594406094
738.0,0.8434206891884862
739.0,0.8434208038964719
740.0,0.8434208960130499
741.0,0.843421007485377
742.0,0.8434210969963798
743.0,0.8434212053201559
744.0,0.8434212923016753
745.0,0.8434213975742444
746.0,0.8434214821105215
747.0,0.8434215844051991
748.0,0.8434216665571601
749.0,0.8434217659753552
750.0,0.8434218458214183
751.0,0.843421942449055
752.0,0.8434220200429621
753.0,0.8434221139434426
754.0,0.8434221893590186
755.0,0.8434222806173703
756.0,0.8434223539125923
757.0,0.8434224426025966
758.0,0.8434225138275377
759.0,0.8434226000161642
760.0,0.8434226692245783
761.0,0.8434227529885329
762.0,0.8434228202519649
763.0,0.8434229016516542
764.0,0.8434229670225102
765.0,0.8434230461243213
766.0,0.8434231096483235
767.0,0.8434231865186408
768.0,0.8434232482580871
769.0,0.8434233229727223
770.0,0.8434233829768824
771.0,0.8434234555875063
772.0,0.8434235139055136
773.0,0.8434235844851973
774.0,0.8434236411644221
775.0,0.8434237097599301
776.0,0.8434237648396825
777.0,0.8434238314993671
778.0,0.8434238850298696
779.0,0.8434239498052569
780.0,0.8434240018228419
781.0,0.8434240647801106
782.0,0.8434241153320915
783.0,0.8434241765087279
784.0,0.8434242256304979
785.0,0.8434242850756846
786.0,0.8434243328131679
787.0,0.8434243905803445
788.0,0.8434244369738699
789.0,0.84342449311947
790.0,0.8434245382053971
791.0,0.8434245927699341
792.0,0.843424636588977
793.0,0.8434246896196764
794.0,0.8434247322059895
795.0,0.8434247837422606
796.0,0.8434248251292562
797.0,0.8434248752128617
798.0,0.8434249154285719
799.0,0.8434249640987993
800.0,0.8434250031831184
801.0,0.8434250504859684
802.0,0.8434250884735786
803.0,0.8434251344365898
804.0,0.8434251713551439
805.0,0.843425216030378
806.0,0.8434252519125235
807.0,0.8434252953260981
808.0,0.8434253301892122
809.0,0.8434253723807484
810.0,0.843425406274063
811.0,0.8434254472722273
812.0,0.8434254802048159
813.0,0.843425520041593
814.0,0.8434255520329093
815.0,0.8434255907447039
816.0,0.843425621827877
817.0,0.8434256594503027
818.0,0.843425689665723
819.0,0.8434257262292779
820.0,0.8434257555837849
821.0,0.843425791111601
822.0,0.8434258196370951
823.0,0.8434258541621336
824.0,0.8434258818854121
825.0,0.8434259154380055
826.0,0.8434259423806388
827.0,0.8434259749873191
828.0,0.8434260011712932
829.0,0.8434260328579843
830.0,0.8434260583090464
831.0,0.8434260891089046
832.0,0.8434261138467308
833.0,0.8434261437867622
834.0,0.8434261678244056
835.0,0.8434261969215195
836.0,0.843426220291684
837.0,0.8434262485566894
838.0,0.8434262712614218
839.0,0.8434262987317914
840.0,0.8434263207954362
841.0,0.8434263474943806
842.0,0.8434263689307495
843.0,0.8434263948747126
844.0,0.8434264157052119
845.0,0.84342644091522
846.0,0.8434264611642569
847.0,0.84342648567031
848.0,0.8434265053496796
849.0,0.8434265291659023
850.0,0.8434265482953527
851.0,0.8434265714499366
852.0,0.8434265900361141
853.0,0.8434266125358306
854.0,0.8434266306011697
855.0,0.8434266524656464
856.0,0.8434266700176214
857.0,0.8434266912610544
858.0,0.8434267083257618
859.0,0.8434267289756243
860.0,0.8434267455626291
861.0,0.843426765628349
862.0,0.8434267817474104
863.0,0.8434268012518186
864.0,0.8434268169167112
865.0,0.8434268358701017
866.0,0.8434268510875679
867.0,0.8434268695014876
868.0,0.8434268842871863
869.0,0.8434269021764148
870.0,0.8434269165455082
871.0,0.8434269339301482
872.0,0.8434269478979982
873.0,0.8434269647855172
874.0,0.8434269783519976
875.0,0.8434269947709216
876.0,0.8434270079611274
877.0,0.843427023919173
878.0,0.8434270367361539
879.0,0.843427052247515
880.0,0.8434270647019817
881.0,0.8434270797710274
882.0,0.843427091878128
883.0,0.8434271065340014
884.0,0.8434271183025472
885.0,0.8434271325504938
886.0,0.8434271439902299
887.0,0.8434271578356884
888.0,0.8434271689514082
889.0,0.8434271824068377
890.0,0.8434271932076305
891.0,0.8434272062759561
892.0,0.8434272167674199
893.0,0.8434272294581997
894.0,0.8434272396554339
895.0,0.8434272519949905
896.0,0.8434272619110474
897.0,0.8434272739072488
898.0,0.8434272835408163
899.0,0.8434272951938974
900.0,0.8434273045543349
901.0,0.8434273158825256
902.0,0.843427324976065
903.0,0.8434273359790776
904.0,0.843427344817585
905.0,0.8434273555039725
906.0,0.8434273640872931
907.0,0.8434273744733467
908.0,0.8434273828107304
909.0,0.8434273929075041
910.0,0.8434274010114815
911.0,0.8434274108212793
912.0,0.8434274186932477
913.0,0.8434274282197175
914.0,0.8434274358734517
915.0,0.8434274451393666
916.0,0.8434274525770081
917.0,0.8434274615799334
918.0,0.8434274688043863
919.0,0.8434274775546466
920.0,0.8434274845836701
921.0,0.8434274930841535
922.0,0.8434274999205769
923.0,0.843427508188635
924.0,0.843427514834279
925.0,0.8434275228779315
926.0,0.8434275293369156
927.0,0.8434275371513462
928.0,0.8434275434286538
929.0,0.8434275510262913
930.0,0.843427557129237
931.0,0.843427564510734
932.0,0.8434275704341543
933.0,0.8434275776058292
934.0,0.8434275833648021
935.0,0.8434275903381393
936.0,0.8434275959340414
937.0,0.8434276027130208
938.0,0.8434276081485826
939.0,0.8434276147318627
940.0,0.8434276200160199
941.0,0.8434276264135856
942.0,0.8434276315480967
943.0,0.84342763730326
944.0,0.8434276434363744
945.0,0.8434276482875325
946.0,0.8434276537643042
947.0,0.8434276596273499
948.0,0.8434276642714199
949.0,0.8434276699366517
950.0,0.8434276745166835
951.0,0.8434276800629532
952.0,0.8434276845205521
953.0,0.8434276899127743
954.0,0.8434276942378469
955.0,0.8434276994757561
956.0,0.8434277036748845
957.0,0.8434277083852575
958.0,0.8434277134098959
959.0,0.8434277173824909
960.0,0.8434277218670182
961.0,0.8434277266707393
962.0,0.8434277304738663
963.0,0.8434277347631274
964.0,0.8434277393543684
965.0,0.8434277429935415
966.0,0.8434277471001632
967.0,0.8434277514982266
968.0,0.8434277549814543
969.0,0.8434277589267544
970.0,0.8434277631439305
971.0,0.8434277664856531
972.0,0.8434277705608818
973.0,0.8434277738548404
974.0,0.8434277778448686
975.0,0.8434277810508523
976.0,0.8434277849264171
977.0,0.8434277880380009
978.0,0.8434277915246033
979.0,0.8434277952430422
980.0,0.8434277981798071
981.0,0.8434278015026382
982.0,0.8434278050507669
983.0,0.8434278078644067
984.0,0.8434278110392425
985.0,0.8434278144397093
986.0,0.843427817134895
987.0,0.8434278201829096
988.0,0.8434278234397021
989.0,0.8434278260230766
990.0,0.8434278289345484
991.0,0.843427832052703
992.0,0.8434278345186844
993.0,0.8434278373111702
994.0,0.8434278400824151
995.0,0.8434278427806962
996.0,0.843427845425145
997.0,0.8434278480376124
998.0,0.8434278506064001
999.0,0.8434278531383026
1000.0,0.8434278558281254
1001.0,0.8434278579967199
1002.0,0.843427860454561
1003.0,0.8434278630949842
1004.0,0.843427865189789
1005.0,0.843427867552975
1006.0,0.843427870083203
1007.0,0.8434278720808223
1008.0,0.8434278743473963
1009.0,0.8434278765861487
1010.0,0.8434278787665108
1011.0,0.8434278809000283
1012.0,0.8434278830021621
1013.0,0.8434278850757972
1014.0,0.8434278871233354
1015.0,0.8434278891442317
1016.0,0.8434278911329516
1017.0,0.8434278930989698
1018.0,0.8434278950362663
1019.0,0.8434278969482912
1020.0,0.8434278988372882
1021.0,0.8434279006983411
1022.0,0.8434279025316653
1023.0,0.8434279044751801
1024.0,0.8434279060477299
1025.0,0.8434279078237465
1026.0,0.8434279097249976
1027.0,0.8434279112386865
1028.0,0.8434279129418676
1029.0,0.8434279146333213
1030.0,0.8434279162790644
1031.0,0.8434279178910468
1032.0,0.8434279194814336
1033.0,0.8434279210453267
1034.0,0.8434279225816228
1035.0,0.8434279241019214
1036.0,0.8434279256072696
1037.0,0.8434279270893456
1038.0,0.8434279285456012
1039.0,0.8434279299865622
1040.0,0.8434279314053961
1041.0,0.8434279328087182
1042.0,0.8434279341996429
1043.0,0.8434279355636028
1044.0,0.8434279369115828
1045.0,0.8434279382383592
1046.0,0.8434279395500787
1047.0,0.8434279408424232
1048.0,0.8434279421167595
1049.0,0.8434279433708267
1050.0,0.843427944609619
1051.0,0.8434279458349002
1052.0,0.8434279470333883
1053.0,0.843427948219901
1054.0,0.8434279493876079
1055.0,0.8434279505409435
1056.0,0.8434279516792027
1057.0,0.8434279527990715
1058.0,0.8434279539019425
1059.0,0.8434279549900378
1060.0,0.843427956057898
1061.0,0.843427957111016
1062.0,0.8434279581537609
1063.0,0.8434279591815638
1064.0,0.8434279601959401
1065.0,0.8434279611937584
1066.0,0.8434279621778213
1067.0,0.8434279631403143
1068.0,0.8434279640918448
1069.0,0.8434279650266894
1070.0,0.8434279659514821
1071.0,0.8434279668655607
1072.0,0.8434279677639908
1073.0,0.8434279686556377
1074.0,0.8434279695331234
1075.0,0.8434279704044769
1076.0,0.843427971250042
1077.0,0.843427972087373
1078.0,0.8434279729119435
1079.0,0.8434279737242791
1080.0,0.8434279745249683
1081.0,0.8434279753214808
1082.0,0.8434279760946519
1083.0,0.8434279768594569
1084.0,0.843427977614077
1085.0,0.8434279783631605
1086.0,0.8434279791022308
1087.0,0.8434279798237133
1088.0,0.8434279805398617
1089.0,0.8434279812458557
1090.0,0.8434279819348109
1091.0,0.8434279826153154
1092.0,0.8434279832907075
1093.0,0.8434279839559115
1094.0,0.8434279846127538
1095.0,0.8434279852541096
1096.0,0.8434279858915699
1097.0,0.8434279865158885
1098.0,0.8434279871317377
1099.0,0.8434279877421135
1100.0,0.8434279883483959
1101.0,0.8434279889444971
1102.0,0.8434279895211773
1103.0,0.8434279900944683
1104.0,0.8434279906591718
1105.0,0.8434279912159272
1106.0,0.8434279917680947
1107.0,0.8434279923112383
1108.0,0.8434279928457032
1109.0,0.8434279933755814
1110.0,0.8434279938956687
1111.0,0.8434279944113637
1112.0,0.8434279949158604
1113.0,0.8434279954212239
1114.0,0.8434279959111272
1115.0,0.8434279964027641
1116.0,0.8434279968844132
1117.0,0.8434279973616241
1118.0,0.8434279978289098
1119.0,0.8434279982834441
1120.0,0.843427998728927
1121.0,0.8434279991704434
1122.0,0.8434279996025115
1123.0,0.843428000032765
1124.0,0.8434280004569769
1125.0,0.8434280008741366
1126.0,0.8434280012850385
1127.0,0.8434280016905245
1128.0,0.8434280020922991
1129.0,0.8434280024811692
1130.0,0.8434280028660298
1131.0,0.8434280032507698
1132.0,0.8434280036301942
1133.0,0.8434280040036279
1134.0,0.8434280043738022
1135.0,0.8434280047408871
1136.0,0.8434280051037367
1137.0,0.84342800545455
1138.0,0.8434280058054883
1139.0,0.8434280061453621
1140.0,0.8434280064847595
1141.0,0.8434280068228217
1142.0,0.8434280071553522
1143.0,0.843428007484482
1144.0,0.8434280078086989
1145.0,0.8434280081244889
1146.0,0.8434280084342926
1147.0,0.8434280087438832
1148.0,0.8434280090465313
1149.0,0.8434280093487398
1150.0,0.8434280096430349
1151.0,0.8434280099344273
1152.0,0.843428010221141
1153.0,0.8434280105048939
1154.0,0.8434280107853621
1155.0,0.843428011016525
1156.0,0.843428011338222
1157.0,0.8434280116070025
1158.0,0.8434280118218885
1159.0,0.8434280121275038
1160.0,0.84342801238097
1161.0,0.843428012587551
1162.0,0.8434280128876911
1163.0,0.8434280130958308
1164.0,0.8434280133780645
1165.0,0.8434280135760808
1166.0,0.8434280138478668
1167.0,0.8434280140765742
1168.0,0.843428014302559
1169.0,0.8434280144908506
1170.0,0.8434280147644531
1171.0,0.8434280149881461
1172.0,0.8434280151623884
1173.0,0.8434280154169463
1174.0,0.8434280155900047
1175.0,0.843428015835136
1176.0,0.8434280159986993
1177.0,0.8434280162024242
1178.0,0.8434280164479472
1179.0,0.8434280166055617
1180.0,0.8434280168307494
1181.0,0.8434280169859654
1182.0,0.8434280171737625
1183.0,0.8434280173732758
1184.0,0.8434280175665315
1185.0,0.8434280177564792
1186.0,0.843428017932499
1187.0,0.8434280181426758
1188.0,0.8434280182737778
1189.0,0.843428018438617
1190.0,0.8434280186095268
1191.0,0.8434280187830345
1192.0,0.8434280189787692
1193.0,0.8434280191035262
1194.0,0.8434280192532778
1195.0,0.843428019412786
1196.0,0.8434280195685496
1197.0,0.8434280197212279
1198.0,0.8434280198675298
1199.0,0.8434280200055944
1200.0,0.8434280201458904
1201.0,0.8434280202800822
1202.0,0.8434280204161523
1203.0,0.8434280205524991
1204.0,0.8434280206819587
1205.0,0.8434280208102398
1206.0,0.8434280209356352
1207.0,0.8434280210308818
1208.0,0.8434280212006523
1209.0,0.8434280213380964
1210.0,0.8434280214583931
1211.0,0.8434280215402894
1212.0,0.8434280216932629
1213.0,0.8434280218189082
1214.0,0.8434280218992853
1215.0,0.84342802204471
1216.0,0.84342802212583
1217.0,0.8434280222641607
1218.0,0.8434280223429141
1219.0,0.8434280224737989
1220.0,0.8434280225801596
1221.0,0.8434280226529747
1222.0,0.843428022782225
1223.0,0.843428022884095
1224.0,0.8434280229530481
1225.0,0.8434280230782475
1226.0,0.8434280231807461
1227.0,0.8434280232473387
1228.0,0.843428023365713
1229.0,0.8434280234332655
1230.0,0.8434280235489089
1231.0,0.8434280236174587
1232.0,0.8434280236960163
1233.0,0.8434280237827877
1234.0,0.8434280239061983
1235.0,0.8434280239680365
1236.0,0.8434280240383233
1237.0,0.8434280241446959
1238.0,0.843428024201301
1239.0,0.8434280242727711
1240.0,0.8434280243774075
1241.0,0.8434280244353848
1242.0,0.8434280245021168
1243.0,0.8434280246067023
1244.0,0.843428024659949
1245.0,0.8434280247230022
1246.0,0.8434280247917166
1247.0,0.8434280248655296
1248.0,0.843428024939202
1249.0,0.8434280250092768
1250.0,0.8434280250750789
1251.0,0.8434280251393869
1252.0,0.8434280252013674
1253.0,0.8434280252675832
1254.0,0.8434280253312424
1255.0,0.8434280253939483
1256.0,0.8434280254569609
1257.0,0.8434280255185849
1258.0,0.8434280255792491
1259.0,0.8434280256392146
1260.0,0.8434280257006507
1261.0,0.8434280257627669
1262.0,0.8434280258247205
1263.0,0.8434280258856937
1264.0,0.84342802594448
1265.0,0.8434280260030825
1266.0,0.8434280260615641
1267.0,0.843428026121736
1268.0,0.8434280261750796
1269.0,0.8434280262272531
1270.0,0.8434280262807934
1271.0,0.8434280263335875
1272.0,0.8434280263825156
1273.0,0.8434280264327733
1274.0,0.8434280264823769
1275.0,0.8434280265326652
1276.0,0.843428026583027
1277.0,0.8434280266329617
1278.0,0.8434280266852651
1279.0,0.8434280267357326
1280.0,0.8434280267845647
1281.0,0.8434280268305518
1282.0,0.8434280268745195
1283.0,0.8434280269192281
1284.0,0.8434280269601617
1285.0,0.8434280270036233
1286.0,0.8434280270434917
1287.0,0.8434280270835025
1288.0,0.8434280271232295
1289.0,0.8434280271628485
1290.0,0.843428027204549
1291.0,0.84342802724756
1292.0,0.8434280272905249
1293.0,0.8434280273318446
1294.0,0.843428027358282
1295.0,0.8434280274120034
1296.0,0.8434280274584701
1297.0,0.8434280275018753
1298.0,0.8434280275392161
1299.0,0.8434280275716775
1300.0,0.8434280276014795
1301.0,0.8434280276322036
1302.0,0.8434280276634555
1303.0,0.8434280276967975
1304.0,0.8434280277290358
1305.0,0.8434280277621701
1306.0,0.8434280277952783
1307.0,0.8434280278285439
1308.0,0.8434280278606974
1309.0,0.8434280278947521
1310.0,0.8434280279293076
1311.0,0.8434280279655464
1312.0,0.8434280279987583
1313.0,0.8434280280294095
1314.0,0.8434280280579172
1315.0,0.8434280280857864
1316.0,0.843428028111301
1317.0,0.8434280281371992
1318.0,0.8434280281633947
1319.0,0.8434280281880557
1320.0,0.8434280282109838
1321.0,0.8434280282338542
1322.0,0.8434280282561664
1323.0,0.8434280282702931
1324.0,0.8434280282965628
1325.0,0.8434280283209864
1326.0,0.843428028340818
1327.0,0.8434280283593618
1328.0,0.8434280283790531
1329.0,0.8434280284034525
1330.0,0.8434280284205418
1331.0,0.8434280284563314
1332.0,0.8434280284882261
1333.0,0.843428028516706
1334.0,0.8434280285414986
1335.0,0.8434280285628398
1336.0,0.8434280285835386
1337.0,0.8434280286029046
1338.0,0.8434280286176281
1339.0,0.8434280286328588
1340.0,0.8434280286467943
1341.0,0.8434280286593382
1342.0,0.8434280286723242
1343.0,0.8434280286811956
1344.0,0.8434280286907149
1345.0,0.8434280287097324
1346.0,0.8434280287188567
1347.0,0.8434280287287187
1348.0,0.8434280287410354
1349.0,0.8434280287651438
1350.0,0.8434280287848543
1351.0,0.8434280288012248
1352.0,0.843428028810758
1353.0,0.843428028830256
1354.0,0.8434280288464143
1355.0,0.8434280288627488
1356.0,0.8434280288716596
1357.0,0.8434280288918589
1358.0,0.8434280289023258
1359.0,0.8434280289165195
1360.0,0.8434280289405011
1361.0,0.8434280289615126
1362.0,0.843428028979868
1363.0,0.8434280289955278
1364.0,0.8434280290094744
1365.0,0.8434280290238102
1366.0,0.8434280290365614
1367.0,0.8434280290482742
1368.0,0.843428029059974
1369.0,0.8434280290719254
1370.0,0.8434280290801133
1371.0,0.8434280290969257
1372.0,0.8434280291068038
1373.0,0.843428029123046
1374.0,0.8434280291344157
1375.0,0.8434280291401802
1376.0,0.8434280291477653
1377.0,0.8434280291616155
1378.0,0.843428029171324
1379.0,0.8434280291792079
1380.0,0.8434280291878963
1381.0,0.8434280291951821
1382.0,0.8434280292006723
1383.0,0.8434280292141981
1384.0,0.8434280292268951
1385.0,0.8434280292383772
1386.0,0.8434280292485643
1387.0,0.8434280292558175
1388.0,0.8434280292677432
1389.0,0.843428029280433
1390.0,0.8434280292880191
1391.0,0.8434280293029613
1392.0,0.843428029311176
1393.0,0.8434280293204965
1394.0,0.8434280293370134
1395.0,0.8434280293499697
1396.0,0.8434280293578518
1397.0,0.8434280293637387
1398.0,0.8434280293686551
1399.0,0.8434280293744051
1400.0,0.8434280293815524
1401.0,0.8434280293886485
1402.0,0.843428029394433
1403.0,0.8434280294013418
1404.0,0.843428029407006
1405.0,0.8434280294120967
1406.0,0.8434280294187674
1407.0,0.8434280294265518
1408.0,0.8434280294341785
1409.0,0.8434280294419418
1410.0,0.8434280294481755
1411.0,0.8434280294557848
1412.0,0.8434280294633139
1413.0,0.8434280294716539
1414.0,0.8434280294806085
1415.0,0.8434280294891239
1416.0,0.8434280294973832
1417.0,0.8434280295055546
1418.0,0.8434280295111739
1419.0,0.8434280295244998
1420.0,0.8434280295349598
1421.0,0.8434280295455339
1422.0,0.8434280295535798
1423.0,0.8434280295606525
1424.0,0.8434280295664012
1425.0,0.8434280295727361
1426.0,0.843428029577306
1427.0,0.8434280295816178
1428.0,0.843428029584841
1429.0,0.8434280295873775
1430.0,0.8434280295898132
1431.0,0.8434280295928447
1432.0,0.8434280295954322
1433.0,0.8434280295972587
1434.0,0.843428029601192
1435.0,0.8434280296061089
1436.0,0.843428029612114
1437.0,0.8434280296180354
1438.0,0.8434280296227966
1439.0,0.8434280296261932
1440.0,0.8434280296340736
1441.0,0.8434280296407308
1442.0,0.8434280296465492
1443.0,0.8434280296536129
1444.0,0.8434280296609005
1445.0,0.8434280296674623
1446.0,0.8434280296750916
1447.0,0.8434280296806421
1448.0,0.8434280296853359
1449.0,0.8434280296889314
1450.0,0.8434280296974671
1451.0,0.8434280297029307
1452.0,0.8434280297130825
1453.0,0.8434280297222095
1454.0,0.8434280297309149
1455.0,0.8434280297392214
1456.0,0.8434280297436839
1457.0,0.8434280297516948
1458.0,0.8434280297585104
1459.0,0.8434280297625358
1460.0,0.8434280297659756
1461.0,0.8434280297670977
1462.0,0.8434280297668639
1463.0,0.8434280297656231
1464.0,0.843428029764144
1465.0,0.8434280297647104
1466.0,0.843428029764174
1467.0,0.8434280297647418
1468.0,0.8434280297662855
1469.0,0.8434280297689258
1470.0,0.8434280297714882
1471.0,0.843428029775032
1472.0,0.8434280297781093
1473.0,0.843428029780185
1474.0,0.8434280297825217
1475.0,0.8434280297855545
1476.0,0.8434280297881742
1477.0,0.8434280297912266
1478.0,0.843428029794002
1479.0,0.8434280297954067
1480.0,0.8434280297947353
1481.0,0.843428029794224
1482.0,0.8434280297923611
1483.0,0.843428029791227
1484.0,0.8434280297896837
1485.0,0.8434280297882307
1486.0,0.8434280297875877
1487.0,0.8434280297876924
1488.0,0.8434280297866943
1489.0,0.843428029787431
1490.0,0.8434280297865913
1491.0,0.8434280297851574
1492.0,0.8434280297834563
1493.0,0.8434280297833413
1494.0,0.8434280297833813
1495.0,0.8434280297840682
1496.0,0.8434280297846236
1497.0,0.8434280297868063
1498.0,0.8434280297899447
1499.0,0.8434280297913224
1500.0,0.8434280297938145
1501.0,0.8434280297979637
1502.0,0.8434280297995088
1503.0,0.8434280297993533
1504.0,0.843428029797494
1505.0,0.8434280297956495
1506.0,0.8434280297933809
1507.0,0.8434280297943972
1508.0,0.8434280297963379
1509.0,0.8434280298001522
1510.0,0.84342802980292
1511.0,0.8434280298078084
1512.0,0.8434280298132928
1513.0,0.8434280298216174
1514.0,0.8434280298273015
1515.0,0.8434280298303519
1516.0,0.8434280298339182
1517.0,0.8434280298414226
1518.0,0.8434280298487837
1519.0,0.8434280298534875
1520.0,0.8434280298550679
1521.0,0.8434280298568654
1522.0,0.843428029858693
1523.0,0.8434280298616763
1524.0,0.8434280298658557
1525.0,0.843428029874172
1526.0,0.8434280298814643
1527.0,0.843428029885159
1528.0,0.8434280298868808
1529.0,0.8434280298878749
1530.0,0.8434280298886502
1531.0,0.8434280298919794
1532.0,0.8434280298968037
1533.0,0.8434280299028759
1534.0,0.8434280299064921
1535.0,0.8434280299096826
1536.0,0.8434280299163752
1537.0,0.8434280299232834
1538.0,0.8434280299286401
1539.0,0.8434280299329661
1540.0,0.8434280299379527
1541.0,0.8434280299450054
1542.0,0.8434280299511083
1543.0,0.8434280299557319
1544.0,0.843428029959971
1545.0,0.843428029962766
1546.0,0.8434280299634607
1547.0,0.8434280299642505
1548.0,0.843428029964044
1549.0,0.8434280299621779
1550.0,0.8434280299572011
1551.0,0.8434280299537416
1552.0,0.8434280299513859
1553.0,0.8434280299512686
1554.0,0.8434280299529953
1555.0,0.8434280299579061
1556.0,0.8434280299616237
1557.0,0.8434280299660215
1558.0,0.8434280299707106
1559.0,0.8434280299746791
1560.0,0.8434280299763985
1561.0,0.8434280299776162
1562.0,0.843428029978932
1563.0,0.8434280299806797
1564.0,0.8434280299821132
1565.0,0.8434280299830428
1566.0,0.8434280299831858
1567.0,0.8434280299840897
1568.0,0.8434280299847571
1569.0,0.843428029985871
1570.0,0.8434280299861968
1571.0,0.8434280299867218
1572.0,0.8434280299846105
1573.0,0.8434280299803623
1574.0,0.8434280299738419
1575.0,0.8434280299683817
1576.0,0.8434280299633565
1577.0,0.8434280299598403
1578.0,0.8434280299572708
1579.0,0.8434280299566903
1580.0,0.8434280299542964
1581.0,0.8434280299512613
1582.0,0.8434280299515735
1583.0,0.8434280299516496
1584.0,0.843428029952584
1585.0,0.8434280299552857
1586.0,0.8434280299569706
1587.0,0.8434280299591351
1588.0,0.8434280299595645
1589.0,0.8434280299607961
1590.0,0.8434280299613609
1591.0,0.8434280299628539
1592.0,0.8434280299666207
1593.0,0.8434280299681715
1594.0,0.843428029967275
1595.0,0.8434280299659805
1596.0,0.8434280299614844
1597.0,0.8434280299585353
1598.0,0.8434280299556088
1599.0,0.8434280299523064
1600.0,0.8434280299499234
1601.0,0.8434280299474892
1602.0,0.8434280299443722
1603.0,0.8434280299442971
1604.0,0.8434280299451389
1605.0,0.8434280299489071
1606.0,0.843428029951759
1607.0,0.8434280299531729
1608.0,0.8434280299527138
1609.0,0.8434280299523264
1610.0,0.843428029951825
1611.0,0.8434280299514529
1612.0,0.8434280299511533
1613.0,0.8434280299526613
1614.0,0.8434280299548075
1615.0,0.8434280299584754
1616.0,0.8434280299620162
1617.0,0.8434280299628563
1618.0,0.8434280299638081
1619.0,0.8434280299651614
1620.0,0.8434280299658224
1621.0,0.8434280299665151
1622.0,0.8434280299680991
1623.0,0.8434280299705704
1624.0,0.8434280299729393
1625.0,0.8434280299791307
1626.0,0.8434280299826252
1627.0,0.8434280299858852
1628.0,0.843428029986887
1629.0,0.8434280299890485
1630.0,0.8434280299918111
1631.0,0.8434280299947818
1632.0,0.8434280299953988
1633.0,0.843428029996029
1634.0,0.8434280299968959
1635.0,0.8434280299998633
1636.0,0.8434280300002651
1637.0,0.8434280300022401
1638.0,0.8434280300028383
1639.0,0.8434280300051019
1640.0,0.8434280300056597
1641.0,0.8434280300070442
1642.0,0.8434280300063943
1643.0,0.8434280300065766
1644.0,0.843428030005591
1645.0,0.8434280300055691
1646.0,0.8434280300067107
1647.0,0.8434280300082514
1648.0,0.8434280300116462
1649.0,0.8434280300166725
1650.0,0.8434280300202838
1651.0,0.8434280300245898
1652.0,0.8434280300280311
1653.0,0.8434280300326337
1654.0,0.8434280300354371
1655.0,0.843428030039002
1656.0,0.8434280300432139
1657.0,0.8434280300441623
1658.0,0.8434280300450023
1659.0,0.8434280300457317
1660.0,0.8434280300464523
1661.0,0.8434280300468301
1662.0,0.8434280300454425
1663.0,0.8434280300456243
1664.0,0.843428030045698
1665.0,0.8434280300468827
1666.0,0.8434280300491395
1667.0,0.8434280300526341
1668.0,0.8434280300570364
1669.0,0.8434280300580452
1670.0,0.8434280300591825
1671.0,0.8434280300589484
1672.0,0.8434280300577489
1673.0,0.8434280300564186
1674.0,0.8434280300555056
1675.0,0.8434280300566201
1676.0,0.8434280300558714
1677.0,0.8434280300544497
1678.0,0.8434280300506802
1679.0,0.8434280300456396
1680.0,0.8434280300423045
1681.0,0.843428030041169
1682.0,0.8434280300411697
1683.0,0.8434280300418835
1684.0,0.8434280300432168
1685.0,0.8434280300430486
1686.0,0.8434280300425576
1687.0,0.8434280300428404
1688.0,0.8434280300417089
1689.0,0.8434280300428445
1690.0,0.8434280300438234
1691.0,0.8434280300430803
1692.0,0.8434280300432782
1693.0,0.8434280300445437
1694.0,0.8434280300454443
1695.0,0.8434280300449448
1696.0,0.8434280300429359
1697.0,0.8434280300407614
1698.0,0.8434280300378192
1699.0,0.8434280300359273
1700.0,0.8434280300344673
1701.0,0.8434280300331128
1702.0,0.8434280300317233
1703.0,0.8434280300303089
1704.0,0.8434280300285077
1705.0,0.8434280300244239
1706.0,0.8434280300214968
1707.0,0.8434280300178226
1708.0,0.8434280300143248
1709.0,0.8434280300109553
1710.0,0.8434280300080779
1711.0,0.8434280300055634
1712.0,0.8434280300027465
1713.0,0.8434280300010311
1714.0,0.8434280299983649
1715.0,0.8434280299958697
1716.0,0.8434280299929577
1717.0,0.8434280299907271
1718.0,0.8434280299890003
1719.0,0.8434280299889061
1720.0,0.8434280299888858
1721.0,0.8434280299895027
1722.0,0.8434280299897975
1723.0,0.8434280299904048
1724.0,0.843428029992176
1725.0,0.8434280299945225
1726.0,0.8434280299960591
1727.0,0.8434280299965446
1728.0,0.8434280299972466
1729.0,0.8434280299977048
1730.0,0.8434280299970163
1731.0,0.8434280299949468
1732.0,0.8434280299921766
1733.0,0.8434280299908755
1734.0,0.8434280299872188
1735.0,0.8434280299830962
1736.0,0.8434280299776261
1737.0,0.8434280299716487
1738.0,0.8434280299642978
1739.0,0.8434280299588585
1740.0,0.8434280299491496
1741.0,0.84342802994249
1742.0,0.8434280299381871
1743.0,0.84342802993758
1744.0,0.8434280299385581
1745.0,0.8434280299407654
1746.0,0.8434280299449969
1747.0,0.8434280299521488
1748.0,0.8434280299567564
1749.0,0.8434280299622744
1750.0,0.8434280299679823
1751.0,0.8434280299737159
1752.0,0.843428029980319
1753.0,0.8434280299843627
1754.0,0.8434280299867344
1755.0,0.8434280299898982
1756.0,0.8434280299943331
1757.0,0.8434280299951948
1758.0,0.8434280299951973
1759.0,0.8434280299959481
1760.0,0.8434280299945963
1761.0,0.8434280299937307
1762.0,0.8434280299943775
1763.0,0.8434280299950211
1764.0,0.8434280299947475
1765.0,0.8434280299933997
1766.0,0.84342802998913
1767.0,0.8434280299842906
1768.0,0.8434280299797721
1769.0,0.8434280299775334
1770.0,0.8434280299756012
1771.0,0.8434280299745925
1772.0,0.8434280299716321
1773.0,0.8434280299689966
1774.0,0.8434280299654355
1775.0,0.8434280299616456
1776.0,0.8434280299582682
1777.0,0.8434280299587373
1778.0,0.8434280299597567
1779.0,0.8434280299624328
1780.0,0.8434280299644551
1781.0,0.8434280299673209
1782.0,0.8434280299720925
1783.0,0.8434280299764161
1784.0,0.8434280299802079
1785.0,0.84342802998313
1786.0,0.8434280299839727
1787.0,0.8434280299842501
1788.0,0.8434280299844925
1789.0,0.8434280299855091
1790.0,0.8434280299872305
1791.0,0.843428029988741
1792.0,0.8434280299880869
1793.0,0.8434280299875486
1794.0,0.8434280299858155
1795.0,0.8434280299850739
1796.0,0.8434280299854726
1797.0,0.843428029985848
1798.0,0.843428029985764
1799.0,0.8434280299853719
1800.0,0.8434280299827565
1801.0,0.8434280299801227
1802.0,0.8434280299768316
1803.0,0.843428029970184
1804.0,0.8434280299647215
1805.0,0.8434280299589483
1806.0,0.8434280299548715
1807.0,0.8434280299527016
1808.0,0.843428029950735
1809.0,0.8434280299507804
1810.0,0.8434280299516818
1811.0,0.8434280299543407
1812.0,0.843428029954786
1813.0,0.843428029954634
1814.0,0.8434280299539005
1815.0,0.8434280299547048
1816.0,0.8434280299553991
1817.0,0.8434280299554636
1818.0,0.8434280299549136
1819.0,0.8434280299537077
1820.0,0.8434280299501967
1821.0,0.8434280299462086
1822.0,0.8434280299423389
1823.0,0.8434280299369971
1824.0,0.8434280299348408
1825.0,0.8434280299345224
1826.0,0.8434280299356229
1827.0,0.8434280299381732
1828.0,0.8434280299420245
1829.0,0.8434280299456051
1830.0,0.8434280299494653
1831.0,0.8434280299540304
1832.0,0.8434280299559913
1833.0,0.8434280299567728
1834.0,0.8434280299569737
1835.0,0.8434280299578272
1836.0,0.8434280299594463
1837.0,0.8434280299599326
1838.0,0.8434280299581749
1839.0,0.8434280299539068
1840.0,0.8434280299502679
1841.0,0.8434280299470291
1842.0,0.8434280299417505
1843.0,0.8434280299377817
1844.0,0.8434280299363537
1845.0,0.8434280299381861
1846.0,0.8434280299403881
1847.0,0.8434280299441423
1848.0,0.8434280299469097
1849.0,0.8434280299475394
1850.0,0.8434280299468347
1851.0,0.8434280299470157
1852.0,0.8434280299474546
1853.0,0.843428029948789
1854.0,0.8434280299482491
1855.0,0.8434280299463863
1856.0,0.8434280299450668
1857.0,0.843428029943081
1858.0,0.8434280299422957
1859.0,0.8434280299424286
1860.0,0.8434280299424164
1861.0,0.8434280299408397
1862.0,0.8434280299396409
1863.0,0.843428029939058
1864.0,0.843428029936487
1865.0,0.843428029935898
1866.0,0.8434280299356155
1867.0,0.8434280299357234
1868.0,0.8434280299364745
1869.0,0.8434280299377717
1870.0,0.8434280299404238
1871.0,0.8434280299475325
1872.0,0.8434280299530518
1873.0,0.8434280299576242
1874.0,0.8434280299615668
1875.0,0.8434280299642251
1876.0,0.8434280299644512
1877.0,0.8434280299640995
1878.0,0.8434280299598462
1879.0,0.8434280299555645
1880.0,0.843428029950461
1881.0,0.8434280299454908
1882.0,0.8434280299417478
1883.0,0.8434280299379948
1884.0,0.8434280299367223
1885.0,0.843428029935469
1886.0,0.8434280299342589
1887.0,0.8434280299340766
1888.0,0.8434280299364786
1889.0,0.8434280299383117
1890.0,0.8434280299419067
1891.0,0.8434280299431252
1892.0,0.8434280299450228
1893.0,0.8434280299484472
1894.0,0.8434280299556384
1895.0,0.8434280299611586
1896.0,0.8434280299628473
1897.0,0.8434280299632931
1898.0,0.8434280299608787
1899.0,0.8434280299579389
1900.0,0.8434280299554705
1901.0,0.8434280299523766
1902.0,0.8434280299489958
1903.0,0.8434280299446582
1904.0,0.8434280299402704
1905.0,0.843428029936086
1906.0,0.8434280299298164
1907.0,0.8434280299259517
1908.0,0.8434280299217299
1909.0,0.8434280299183768
1910.0,0.8434280299158824
1911.0,0.8434280299149464
1912.0,0.8434280299126852
1913.0,0.8434280299120726
1914.0,0.8434280299107081
1915.0,0.8434280299095563
1916.0,0.8434280299110997
1917.0,0.8434280299152002
1918.0,0.8434280299197676
1919.0,0.843428029924905
1920.0,0.8434280299289564
1921.0,0.8434280299320208
1922.0,0.8434280299350564
1923.0,0.8434280299366965
1924.0,0.8434280299382962
1925.0,0.8434280299418064
1926.0,0.8434280299423721
1927.0,0.8434280299441194
1928.0,0.8434280299459613
1929.0,0.8434280299481508
1930.0,0.8434280299500945
1931.0,0.8434280299542192
1932.0,0.8434280299590807
1933.0,0.8434280299663958
1934.0,0.843428029970199
1935.0,0.8434280299756002
1936.0,0.8434280299817747
1937.0,0.8434280299869519
1938.0,0.843428029991845
1939.0,0.8434280299966858
1940.0,0.8434280300021656
1941.0,0.8434280300074052
1942.0,0.8434280300115463
1943.0,0.843428030012597
1944.0,0.8434280300128244
1945.0,0.8434280300123078
1946.0,0.8434280300120731
1947.0,0.8434280300121082
1948.0,0.8434280300109285
1949.0,0.8434280300112448
1950.0,0.8434280300110707
1951.0,0.8434280300102471
1952.0,0.8434280300089284
1953.0,0.8434280300073683
1954.0,0.84342803000855
1955.0,0.8434280300100614
1956.0,0.8434280300110695
1957.0,0.8434280300114234
1958.0,0.8434280300122495
1959.0,0.8434280300153307
1960.0,0.8434280300190888
1961.0,0.8434280300241593
1962.0,0.8434280300340703
1963.0,0.8434280300380892
1964.0,0.84342803004234
1965.0,0.8434280300476505
1966.0,0.8434280300530537
1967.0,0.8434280300600612
1968.0,0.8434280300626108
1969.0,0.8434280300640731
1970.0,0.8434280300624412
1971.0,0.8434280300607268
1972.0,0.8434280300578807
1973.0,0.8434280300569201
1974.0,0.8434280300544366
1975.0,0.8434280300539426
1976.0,0.843428030052931
1977.0,0.843428030053541
1978.0,0.8434280300539242
1979.0,0.8434280300533018
1980.0,0.8434280300525324
1981.0,0.8434280300497033
1982.0,0.8434280300447472
1983.0,0.8434280300407657
1984.0,0.8434280300369574
1985.0,0.8434280300324088
1986.0,0.8434280300303387
1987.0,0.8434280300266264
1988.0,0.8434280300203536
1989.0,0.843428030016184
1990.0,0.8434280300109466
1991.0,0.8434280300086033
1992.0,0.8434280300063238
1993.0,0.8434280300063571
1994.0,0.8434280300076609
1995.0,0.84342803000938
1996.0,0.843428030013635
1997.0,0.843428030018263
1998.0,0.8434280300238344
1999.0,0.8434280300266866
2000.0,0.843428030032763
