"Iteration: Iteration","Drag Coefficient Monitor: Force Coefficient"
1,5.0825046540604344
2,3.1715174022409802
3,1.8737626861875665
4,1.1066236758983377
5,0.68954855929016512
6,0.41139258138555734
7,0.24671208446717718
8,0.15312690210267244
9,0.11678078116340394
10,0.10676793936405443
11,0.1035784017572785
12,0.099466019416605517
13,0.094490362532299532
14,0.088858656739233016
15,0.084180788986206401
16,0.078980537233637294
17,0.074888296877809624
18,0.071470510326772457
19,0.068341034538719536
20,0.065722407367699312
21,0.063143902101221117
22,0.060541096242171286
23,0.058034493509742671
24,0.055816095626961298
25,0.053968220596954192
26,0.052303245782135306
27,0.050784729021702162
28,0.049492052093882258
29,0.048284215848592334
30,0.047180541959775148
31,0.046147979175385663
32,0.045158191561690077
33,0.044188980176536094
34,0.043248389708643822
35,0.042313204861695548
36,0.041409775495138329
37,0.04050805048677876
38,0.039645633169777449
39,0.038768166608091362
40,0.037892035996603304
41,0.037049440810355661
42,0.036200455278589283
43,0.035366937842254254
44,0.034624306725376419
45,0.033739672117697073
46,0.033045869579233167
47,0.032281615744014475
48,0.031518375978227667
49,0.030796373445993661
50,0.030098727392171169
51,0.029426428471837098
52,0.028779924302311743
53,0.028157937941309882
54,0.027551663138934007
55,0.026980483287856107
56,0.026427717982485839
57,0.025907326027555334
58,0.025422687795303885
59,0.024973656850043262
60,0.024560411783613387
61,0.024256023977967452
62,0.023829317875694804
63,0.023572838633986057
64,0.023242439939778904
65,0.023052825459732536
66,0.02286696018059739
67,0.022700522840869326
68,0.022560374441484912
69,0.022482077060109414
70,0.022363864846939814
71,0.022328882282330174
72,0.022306721260953857
73,0.022325255645204475
74,0.022318762266444199
75,0.02236341982475102
76,0.022390466978607693
77,0.022409752567775838
78,0.022434377198235558
79,0.022462670428149381
80,0.022491509257305552
81,0.022532739233751896
82,0.022534120117649215
83,0.022548167811152549
84,0.022537691127135745
85,0.022534971472184417
86,0.02251160667945161
87,0.022481846640443004
88,0.022442353266908223
89,0.022393309459539955
90,0.022343129441607212
91,0.022275556304508053
92,0.022206774262238327
93,0.02212698738714837
94,0.022045731281257218
95,0.021956134694485041
96,0.021864028943378008
97,0.021770466798794394
98,0.021676140648682236
99,0.021581449019398569
100,0.021480252518270251
101,0.021388982494956785
102,0.021299634343119621
103,0.021210670082881432
104,0.021122806934946607
105,0.021038291648227056
106,0.020954461960934326
107,0.020872859593150488
108,0.020801704372531954
109,0.020723542705444339
110,0.020646325658182536
111,0.020572106829523741
112,0.020499616890124646
113,0.020430448347645999
114,0.020363997024365969
115,0.020299575919248282
116,0.020235312276666022
117,0.020171131749190704
118,0.020107044614954175
119,0.020043010844154642
120,0.019978923041315197
121,0.019914736061921942
122,0.019852162197704047
123,0.019783300538975868
124,0.019724493412431564
125,0.019657962164861494
126,0.019589056686443139
127,0.019528359768065988
128,0.019457738544629871
129,0.019384931594619924
130,0.019322238656055035
131,0.019251123649540354
132,0.019177463118293131
133,0.019114842253262557
134,0.019040130647633977
135,0.018976346125760456
136,0.018905692679559931
137,0.018836527976290936
138,0.018769638025169441
139,0.018702994077510415
140,0.018636583907803185
141,0.018570867098543241
142,0.018506102038289299
143,0.018442823207979513
144,0.018381089210713727
145,0.01832086779668881
146,0.018262246783874302
147,0.018205159592242594
148,0.018150003731279424
149,0.018096773478556059
150,0.01804549151094207
151,0.017996253768405593
152,0.017949117847230009
153,0.017904084693679385
154,0.017861180923928958
155,0.01782037672188938
156,0.017781670215569
157,0.017745034574925871
158,0.017710438227334493
159,0.017677834311072331
160,0.017647155804731293
161,0.017618311207456779
162,0.017591276721161668
163,0.017565944246614923
164,0.017542211153768965
165,0.017520005086408962
166,0.017498072130574409
167,0.017480286517888979
168,0.017460465248012355
169,0.01744381724411722
170,0.01742785534404824
171,0.017412728872977026
172,0.017398562207767324
173,0.017385245739914276
174,0.017372618255469083
175,0.017360555887411484
176,0.017348972272716041
177,0.017337802131997086
178,0.017326983904255418
179,0.017316486753051662
180,0.017306193120005468
181,0.01729609165682474
182,0.017286938962318123
183,0.017275927248266994
184,0.017266611427381735
185,0.017256028768313204
186,0.017247087083852142
187,0.017236522015493978
188,0.017227542989927923
189,0.01721687006453624
190,0.017207772245940257
191,0.017196962177169241
192,0.017187692999289808
193,0.017176639405794121
194,0.017167194841257033
195,0.017156112432546007
196,0.01714649796098848
197,0.017135404297347057
198,0.017125647380087629
199,0.01711453076130532
200,0.017104655888958716
201,0.017093537162419452
202,0.017083419520417413
203,0.01707228074225748
204,0.017062397573080042
205,0.017051351171196827
206,0.017041431037252072
207,0.01703048889900808
208,0.017020560333114595
209,0.017009719112815042
210,0.016999838685839715
211,0.016988814790848114
212,0.016979123484857347
213,0.016968599457852521
214,0.016959015759251558
215,0.016948491529509592
216,0.016938898803505742
217,0.016928488647727835
218,0.016918990953552551
219,0.016908733985593019
220,0.016899344077179662
221,0.016889257166975855
222,0.016879981503007506
223,0.016870056448635096
224,0.016860891498500813
225,0.016851124094963345
226,0.016842076319939947
227,0.016832472223669528
228,0.016823581328433986
229,0.016814121881958896
230,0.016805366508510201
231,0.016796066846864334
232,0.016787453078648686
233,0.016778372158515506
234,0.016769978447699674
235,0.016761071928177391
236,0.016752735445657245
237,0.016744061317581105
238,0.016735892410470868
239,0.016727450231661757
240,0.016719439315608479
241,0.01671120661905013
242,0.016703364813796313
243,0.016695341211167398
244,0.016687684539163396
245,0.016679880878143358
246,0.016672415962688703
247,0.016664850425173384
248,0.016657602400895651
249,0.01665027362407881
250,0.016643249737400757
251,0.016636152723665761
252,0.016629365945784735
253,0.0166225070684351
254,0.016615963921998947
255,0.01660933468834136
256,0.016603027560632588
257,0.016596631825335405
258,0.016590566364388215
259,0.016584406909637965
260,0.016578585913456054
261,0.016572652371092025
262,0.016567060121715368
263,0.016561350014700424
264,0.016555990247235218
265,0.016550495380969296
266,0.016545343490689819
267,0.016540040957515365
268,0.016535090961830735
269,0.016529974300648349
270,0.016525215568807795
271,0.016520269525607811
272,0.016515687859714627
273,0.016510897903825365
274,0.016506478710402478
275,0.016501832369975669
276,0.016497562466972399
277,0.016493045301362141
278,0.016488911375906537
279,0.016484514837905785
280,0.016480503343917756
281,0.016476214080848942
282,0.016472311647298669
283,0.016468115808841916
284,0.01646430917572439
285,0.016460204053098816
286,0.016456485044926895
287,0.016452463206138551
288,0.016448822254220834
289,0.016444879788926128
290,0.016441309919950173
291,0.016437445113403545
292,0.016433942479961702
293,0.016430150410995055
294,0.016426715222893642
295,0.016422989403601908
296,0.016419617095052692
297,0.016415963685214786
298,0.016412651211882914
299,0.01640907286280071
300,0.016405817615581547
301,0.016402311696224817
302,0.016399111673868275
303,0.016395675549978513
304,0.0163925309473558
305,0.016389164261515772
306,0.016386075988787129
307,0.016382777907688453
308,0.016379746792601915
309,0.016376517261087735
310,0.016373544272568125
311,0.016370383027845666
312,0.016367467444475758
313,0.016364374347425298
314,0.016361515989493002
315,0.016358490725670201
316,0.016355691136295286
317,0.016352734450188304
318,0.016349994237323105
319,0.016347104853135605
320,0.016344424636819017
321,0.016341601805687271
322,0.016338981361013791
323,0.016336222753683752
324,0.016333660763352097
325,0.016330966834096315
326,0.016328462769816997
327,0.016325833833889337
328,0.016323387027472699
329,0.016320822293135313
330,0.016318432406446079
331,0.016315931843306174
332,0.016313599159548102
333,0.016311162226903674
334,0.016308886668381123
335,0.016306512659376403
336,0.016304294288608724
337,0.016301982483173764
338,0.016299820893933101
339,0.01629757031060191
340,0.016295465085023185
341,0.016293274951672689
342,0.0162912256207563
343,0.016289095377839263
344,0.016287099280559408
345,0.016285021201751328
346,0.01628307324331657
347,0.016281048376468189
348,0.016279150255352544
349,0.016277179335229736
350,0.016275331966418574
351,0.016273414530931229
352,0.016271618258843164
353,0.016269754060458344
354,0.016268008590023725
355,0.016266197473619973
356,0.016264502294670698
357,0.016262743804582383
358,0.016261097910124048
359,0.016259401658816737
360,0.016257797975637332
361,0.016256137248822446
362,0.016254579013308089
363,0.016252970588492399
364,0.016251460149146427
365,0.016249899151988892
366,0.016248429694784357
367,0.016246913258475812
368,0.016245490705799809
369,0.016244018509891343
370,0.016242636583343677
371,0.016241205859548628
372,0.01623986378388468
373,0.016238473725071381
374,0.016237170662811766
375,0.016235820057945292
376,0.016234554719472404
377,0.01623324236895566
378,0.016232013548784549
379,0.016230738089499451
380,0.016229544475423088
381,0.016228304740353056
382,0.01622714508762798
383,0.016225939928229814
384,0.016224829068009761
385,0.016223653334928194
386,0.016222549249574281
387,0.016221407614488287
388,0.016220340108979388
389,0.016219233149549706
390,0.016218228518934695
391,0.016217139767161499
392,0.016216124281378523
393,0.016215063342073774
394,0.016214087380875632
395,0.016213061703333108
396,0.016212115238346092
397,0.016211117772568097
398,0.016210196255932958
399,0.016209225179216635
400,0.016208327785321247
401,0.016207382586088462
402,0.016206508975531157
403,0.016205589298867985
404,0.016204738143018885
405,0.01620384442573964
406,0.016203015501451402
407,0.016202146290096274
408,0.016201338770528463
409,0.01620049304093775
410,0.016199706551993168
411,0.016198883626158282
412,0.016198117817915331
413,0.016197316989351639
414,0.016196571427677872
415,0.016195792021215565
416,0.016195066249397969
417,0.016194307616387689
418,0.016193601200148455
419,0.016192862744054466
420,0.016192175242673155
421,0.016191456435426917
422,0.016190787353267393
423,0.016190087755346097
424,0.016189436603032195
425,0.016188755754561038
426,0.016188122046630442
427,0.016187459484869771
428,0.016186842772512262
429,0.016186198026385296
430,0.016185597847825993
431,0.016184970445453237
432,0.016184386390037671
433,0.016183775914718597
434,0.016183207593324166
435,0.01618261360569332
436,0.016182060616455662
437,0.016181482673948505
438,0.016180944643377562
439,0.016180382374146207
440,0.016179858943119137
441,0.016179311990034806
442,0.016178802800422477
443,0.016178270766677529
444,0.016177775454561664
445,0.016177257935419014
446,0.01617677614347951
447,0.016176272756119013
448,0.016175804145530916
449,0.016175314507800263
450,0.016174858751249424
451,0.016174382495774187
452,0.016173939257428806
453,0.016173476014964626
454,0.016173044952604826
455,0.016172594371976816
456,0.016172175162998535
457,0.016171736901373371
458,0.016171329234979381
459,0.016170902971353124
460,0.016170506532121286
461,0.016170091936941577
462,0.016169706418494433
463,0.016169303173245983
464,0.016168928271996681
465,0.016168536063811273
466,0.016168171476521408
467,0.016167789987684006
468,0.016167435419622116
469,0.016167064342051139
470,0.01616671950111484
471,0.016166358535633772
472,0.016166023139192034
473,0.016165671997053446
474,0.016165345781815353
475,0.016165004197561804
476,0.016164686913599936
477,0.016164354621621344
478,0.016164046004008829
479,0.016163722730958265
480,0.016163422522410729
481,0.016163108012458287
482,0.016162815989656333
483,0.016162509987000064
484,0.016162225965544605
485,0.016161928239653046
486,0.016161651980540578
487,0.016161362317240628
488,0.016161093571242298
489,0.016160811728896281
490,0.01616055026197568
491,0.016160276017065892
492,0.016160021616257556
493,0.016159754765859978
494,0.016159507226753592
495,0.016159247556205861
496,0.016159006683130001
497,0.016158753984664147
498,0.016158519578331115
499,0.016158273657455417
500,0.016158045550356437
501,0.016157806231844728
502,0.016157584263596918
503,0.016157351348523093
504,0.016157135396604266
505,0.016156908662856406
506,0.016156698558484138
507,0.016156476981941267
508,0.016156272223613613
509,0.016156058108734772
510,0.016155859603724128
511,0.016155650914745988
512,0.01615545733693257
513,0.016155254086437601
514,0.016155065617368465
515,0.0161548678628076
516,0.016154684465017839
517,0.016154492046050913
518,0.016154313564278093
519,0.016154126295533679
520,0.016153952590954444
521,0.016153770328945993
522,0.016153601283238832
523,0.016153423900027816
524,0.016153259396891606
525,0.016153086760547199
526,0.016152926678645499
527,0.016152758667192686
528,0.016152602894118281
529,0.016152439387274072
530,0.016152287801678711
531,0.016152128681463027
532,0.016151981168223938
533,0.016151826326208089
534,0.016151682781506464
535,0.01615153211148096
536,0.016151392428933639
537,0.016151245818913043
538,0.016151109891734634
539,0.016150967230449891
540,0.016150834953542352
541,0.016150696134323482
542,0.016150567417796656
543,0.016150432343991473
544,0.016150307099978951
545,0.016150175672847371
546,0.016150053811318607
547,0.016149925933681267
548,0.016149807366106786
549,0.016149682947822687
550,0.016149567591614462
551,0.016149446536743828
552,0.016149334299412316
553,0.016149216517908356
554,0.016149107317626088
555,0.01614899272167513
556,0.016148886475999609
557,0.016148774973241173
558,0.016148671597554606
559,0.016148563107994923
560,0.016148462531492248
561,0.016148356979198017
562,0.016148259133684527
563,0.016148156442456159
564,0.016148061250384295
565,0.016147961341879805
566,0.016147868729338932
567,0.016147771520679567
568,0.016147681412974201
569,0.016147586828379371
570,0.016147499153056986
571,0.016147407124529313
572,0.016147321818110613
573,0.016147232272637001
574,0.016147149275020076
575,0.016147062154699986
576,0.016146981406175043
577,0.016146896642665567
578,0.016146818076455745
579,0.016146735599810405
580,0.016146659154511994
581,0.016146578905855719
582,0.016146504526604676
583,0.016146426445244472
584,0.016146354075251078
585,0.016146278104332334
586,0.016146207691815885
587,0.016146133773764483
588,0.016146065265992743
589,0.01614599334837119
590,0.016145926695701245
591,0.016145856723259328
592,0.016145791873236323
593,0.016145723790068213
594,0.016145660693130733
595,0.016145594452940698
596,0.016145533062135758
597,0.016145468610488739
598,0.016145408879935867
599,0.01614534617164147
600,0.016145288059507774
601,0.01614522704889771
602,0.016145170506186794
603,0.01614511114457793
604,0.016145056132751023
605,0.016144998375004757
606,0.016144944845635514
607,0.016144888641077562
608,0.016144836552744846
609,0.0161447818614988
610,0.016144731175179908
611,0.016144677960453761
612,0.016144628638753565
613,0.016144576853734369
614,0.016144528855985239
615,0.01614447845984527
616,0.01614443175199106
617,0.016144382710730751
618,0.016144337259340044
619,0.016144289539015408
620,0.016144245314285495
621,0.016144198885084088
622,0.016144155856785719
623,0.016144110683064677
624,0.016144068816863422
625,0.016144024860255221
626,0.016143984121173759
627,0.016143941348643449
628,0.016143901704921859
629,0.016143860085115813
630,0.016143821510100319
631,0.016143781013541414
632,0.016143743483378617
633,0.016143704080039199
634,0.016143667563492413
635,0.016143629224710174
636,0.01614359369324421
637,0.016143556388847409
638,0.016143521813717587
639,0.016143485508278613
640,0.01614345185955704
641,0.016143416527217659
642,0.016143383778755578
643,0.016143349393857823
644,0.016143317520580402
645,0.016143284057016143
646,0.016143253038384119
647,0.01614322047370307
648,0.01614319028420217
649,0.016143158592579684
650,0.016143129213620343
651,0.016143098371889215
652,0.01614306978269231
653,0.016143039771193489
654,0.016143011948561964
655,0.016142982746601524
656,0.016142955672035324
657,0.016142927255138481
658,0.016142900913809419
659,0.016142873268221634
660,0.016142847640774727
661,0.016142820743293707
662,0.016142795810812419
663,0.016142769641009823
664,0.01614274538190192
665,0.016142719919526163
666,0.016142696314627517
667,0.016142671541089483
668,0.016142648575569324
669,0.016142624470322289
670,0.016142602120981731
671,0.016142578666388775
672,0.016142556921705423
673,0.01614253410191327
674,0.016142512946277214
675,0.01614249074462612
676,0.016142470162350445
677,0.016142448560358735
678,0.016142428533852962
679,0.01614240751315342
680,0.016142388026083712
681,0.016142367574363846
682,0.016142348613509785
683,0.016142328713659483
684,0.016142310265134283
685,0.016142290902317988
686,0.016142272955427958
687,0.016142254119457689
688,0.016142236658924232
689,0.016142218331995285
690,0.016142201343411634
691,0.016142183513891968
692,0.016142166988070611
693,0.016142149640724253
694,0.016142133560887686
695,0.016142116683430817
696,0.016142101040691956
697,0.016142084618629059
698,0.016142069396270921
699,0.016142053416322438
700,0.016142038606327735
701,0.016142023060403951
702,0.016142008650272169
703,0.016141993522035256
704,0.016141979499871464
705,0.016141964778990839
706,0.01614195113539027
707,0.016141936811811045
708,0.016141923533677646
709,0.01614190959517503
710,0.016141896675404541
711,0.016141883112144505
712,0.016141870543202555
713,0.016141857351155905
714,0.016141845123962315
715,0.016141832285590275
716,0.016141820387759812
717,0.016141807897318408
718,0.016141796321362971
719,0.016141784168011299
720,0.016141772901412617
721,0.016141761074574039
722,0.016141750113008425
723,0.016141738606148641
724,0.016141727941575007
725,0.016141716745903881
726,0.016141706371594358
727,0.016141695479595937
728,0.016141685383280972
729,0.016141674783589854
730,0.01614166495879564
731,0.016141654645108958
732,0.016141645085684379
733,0.016141635050081656
734,0.016141625747779692
735,0.016141615984020162
736,0.016141606935426739
737,0.01614159743351002
738,0.01614158862657869
739,0.016141579379074476
740,0.016141570806128804
741,0.016141561806677633
742,0.016141553467051636
743,0.016141544713972
744,0.016141536602774939
745,0.016141528085212471
746,0.016141520189199537
747,0.016141511898911685
748,0.01614150421826821
749,0.016141496156900081
750,0.016141488688096881
751,0.016141480845011789
752,0.016141473577878956
753,0.016141465946175819
754,0.016141458874157376
755,0.016141451447491705
756,0.016141444566140861
757,0.016141437340626633
758,0.016141430642487631
759,0.016141423610166801
760,0.016141417091432207
761,0.016141410247957767
762,0.016141403903258779
763,0.01614139724263209
764,0.016141391068366914
765,0.016141384585393194
766,0.016141378576720676
767,0.016141372272527592
768,0.016141366430129131
769,0.01614136029687762
770,0.016141354611391011
771,0.016141348641100728
772,0.016141343107314562
773,0.016141337298878393
774,0.016141331913657783
775,0.016141326261655126
776,0.016141321021662783
777,0.016141315521673659
778,0.016141310421070566
779,0.01614130506583783
780,0.016141300103658072
781,0.016141294895500917
782,0.016141290067966392
783,0.016141285003283622
784,0.016141280308883829
785,0.016141275380744668
786,0.016141270813363383
787,0.016141266018276597
788,0.016141261573770313
789,0.016141256906104219
790,0.016141252578522766
791,0.016141248034398398
792,0.016141243822405255
793,0.016141239401549615
794,0.016141235304626238
795,0.016141231006190339
796,0.016141227022738722
797,0.0161412228410516
798,0.016141218966059835
799,0.01614121489903881
800,0.016141211130064476
801,0.016141207171976799
802,0.016141203503730994
803,0.016141199653607038
804,0.016141196085174614
805,0.016141192339147563
806,0.016141188867096173
807,0.016141185220030899
808,0.016141181837163697
809,0.016141178286806911
810,0.016141174995388946
811,0.016141171540224986
812,0.016141168339588959
813,0.016141164979078679
814,0.016141161866671673
815,0.016141158599521144
816,0.016141155572395753
817,0.016141152394774851
818,0.016141149448996917
819,0.016141146356147454
820,0.016141143489113025
821,0.016141140478645392
822,0.016141137688501686
823,0.016141134760347363
824,0.016141132047479655
825,0.016141129197081133
826,0.016141126555956377
827,0.016141123782138937
828,0.016141121211685511
829,0.016141118512449065
830,0.016141116011103789
831,0.016141113383195294
832,0.016141110945627188
833,0.016141108386435531
834,0.016141106012626506
835,0.016141103522083339
836,0.016141101212125281
837,0.016141098787860228
838,0.0161410965389737
839,0.016141094179740419
840,0.016141091992036997
841,0.016141089695572222
842,0.016141087565604964
843,0.016141085331297461
844,0.016141083261296985
845,0.016141081088729491
846,0.016141079075513765
847,0.016141076962943646
848,0.016141075005329492
849,0.016141072949836265
850,0.016141071044537339
851,0.016141069043860722
852,0.016141067187251258
853,0.016141065237366803
854,0.01614106343135159
855,0.016141061536225736
856,0.016141059780020083
857,0.016141057937507947
858,0.016141056230319695
859,0.016141054440653613
860,0.016141052780781553
861,0.016141051041022661
862,0.016141049430518896
863,0.016141047741150702
864,0.016141046175271082
865,0.016141044530108173
866,0.01614104300589686
867,0.016141041401940545
868,0.016141039914471425
869,0.016141038351771442
870,0.016141036904152049
871,0.016141035384126326
872,0.016141033975810543
873,0.016141032498397254
874,0.016141031128706261
875,0.016141029688230758
876,0.016141028354152473
877,0.01614102695325155
878,0.016141025656571543
879,0.016141024294222477
880,0.016141023030771293
881,0.016141021705202804
882,0.016141020476647214
883,0.016141019187452553
884,0.016141017993087384
885,0.016141016738026343
886,0.016141015575714658
887,0.016141014355428286
888,0.016141013225543469
889,0.016141012037928733
890,0.01614101093806572
891,0.016141009782533293
892,0.016141008712030655
893,0.016141007588053709
894,0.016141006545096502
895,0.016141005449528199
896,0.016141004435184236
897,0.016141003370666762
898,0.016141002384368407
899,0.016141001349407935
900,0.016141000390505665
901,0.016140999382936713
902,0.016140998449059321
903,0.016140997468004369
904,0.016140996559007373
905,0.016140995602486802
906,0.016140994719373816
907,0.016140993791215467
908,0.016140992932591365
909,0.01614099203132522
910,0.016140991195456304
911,0.016140990318339557
912,0.016140989505361726
913,0.016140988650958636
914,0.016140987860431381
915,0.016140987029040953
916,0.01614098625990467
917,0.016140985451522483
918,0.016140984703008031
919,0.016140983914871523
920,0.016140983185476659
921,0.016140982417670237
922,0.016140981707660325
923,0.016140980961444125
924,0.016140980268475935
925,0.016140979540553796
926,0.016140978865764682
927,0.016140978157739565
928,0.016140977501542086
929,0.0161409768124985
930,0.01614097617418464
931,0.016140975505043308
932,0.016140974885932753
933,0.016140974235685952
934,0.016140973634119225
935,0.016140973002031711
936,0.016140972416723201
937,0.016140971801345508
938,0.016140971231209
939,0.016140970632815825
940,0.016140970079502541
941,0.01614096949683224
942,0.016140968957321214
943,0.016140968390253647
944,0.016140967865027181
945,0.016140967313436096
946,0.016140966802104702
947,0.016140966264356647
948,0.016140965765677119
949,0.016140965241995139
950,0.01614096475626909
951,0.016140964246533225
952,0.016140963774134959
953,0.016140963278005308
954,0.016140962817050318
955,0.016140962333421868
956,0.016140961884929202
957,0.016140961414375696
958,0.01614096097868617
959,0.01614096052167846
960,0.016140960097117574
961,0.016140959651504687
962,0.016140959239345262
963,0.016140958805730125
964,0.01614095840451444
965,0.016140957982098074
966,0.016140957591410959
967,0.016140957180524718
968,0.016140956799593091
969,0.016140956399815637
970,0.016140956028136942
971,0.016140955638550426
972,0.016140955277081197
973,0.016140954899027664
974,0.016140954548346527
975,0.01614095418047283
976,0.016140953838620541
977,0.016140953481673111
978,0.016140953150628794
979,0.016140952803937812
980,0.016140952482095051
981,0.016140952144659319
982,0.016140951832223707
983,0.016140951504405789
984,0.016140951201672804
985,0.016140950883524165
986,0.01614095058856977
987,0.016140950278100939
988,0.01614094998996133
989,0.016140949687370634
990,0.016140949406992802
991,0.016140949112762017
992,0.016140948840004395
993,0.01614094855438708
994,0.016140948289861005
995,0.016140948011606759
996,0.016140947754053718
997,0.016140947482884513
998,0.01614094723133562
999,0.016140946966615166
1000,0.016140946721014481
1001,0.016140946463058387
1002,0.016140946223480786
1003,0.016140945972092272
1004,0.016140945740218626
1005,0.016140945495649095
1006,0.016140945269974616
1007,0.016140945032047875
1008,0.016140944810919405
1009,0.016140944579717618
1010,0.01614094436526306
1011,0.016140944139818592
1012,0.016140943931015228
1013,0.016140943712108898
1014,0.016140943509779154
1015,0.016140943296731214
1016,0.016140943098699963
1017,0.016140942891707415
1018,0.016140942700259467
1019,0.016140942499175158
1020,0.016140942312445436
1021,0.01614094211676935
1022,0.016140941935920972
1023,0.0161409417465323
1024,0.016140941571432636
1025,0.016140941386606086
1026,0.016140941215159563
1027,0.016140941036244597
1028,0.016140940870553996
1029,0.016140940695773737
1030,0.016140940534113073
1031,0.016140940363684353
1032,0.016140940205727344
1033,0.016140940040411132
1034,0.01614093988674857
1035,0.016140939725372741
1036,0.016140939576437439
1037,0.016140939420075412
1038,0.016140939275261404
1039,0.016140939123429961
1040,0.016140938982686072
1041,0.016140938834066906
1042,0.016140938696344372
1043,0.016140938551316895
1044,0.016140938417628113
1045,0.016140938277357894
1046,0.016140938147244877
1047,0.016140938010174355
1048,0.016140937882575972
1049,0.016140937749412568
1050,0.016140937625947697
1051,0.016140937496704748
1052,0.016140937377007177
1053,0.01614093725185034
1054,0.016140937135807346
1055,0.016140937013704088
1056,0.016140936901023806
1057,0.016140936782914866
1058,0.016140936673613687
1059,0.016140936559061583
1060,0.016140936453063089
1061,0.016140936341288048
1062,0.016140936237697009
1063,0.016140936128792714
1064,0.016140936028128341
1065,0.016140935921976116
1066,0.01614093582316041
1067,0.016140935718848101
1068,0.016140935622396095
1069,0.016140935520867532
1070,0.016140935427372431
1071,0.016140935328869246
1072,0.016140935237480739
1073,0.016140935141700674
1074,0.016140935053018578
1075,0.016140934959707691
1076,0.016140934873213296
1077,0.016140934782923291
1078,0.016140934699276702
1079,0.01614093461092049
1080,0.016140934528323624
1081,0.016140934441414317
1082,0.016140934361256826
1083,0.016140934277029735
1084,0.016140934199144134
1085,0.016140934116848839
1086,0.016140934040630633
1087,0.016140933960750149
1088,0.016140933886685464
1089,0.016140933808903309
1090,0.016140933736002859
1091,0.016140933659598747
1092,0.01614093358821974
1093,0.01614093351359782
1094,0.016140933443823245
1095,0.016140933371626309
1096,0.016140933305127468
1097,0.01614093323579497
1098,0.016140933170652023
1099,0.016140933102913632
1100,0.016140933038893412
1101,0.016140932972797659
1102,0.016140932911625015
1103,0.016140932847318899
1104,0.016140932787867046
1105,0.016140932725393589
1106,0.016140932667189155
1107,0.016140932606899215
1108,0.016140932550930874
1109,0.016140932492081331
1110,0.016140932437693323
1111,0.016140932380552128
1112,0.016140932327261298
1113,0.016140932272017218
1114,0.016140932220741117
1115,0.016140932166514882
1116,0.016140932116766774
1117,0.016140932064312295
1118,0.016140932015346957
1119,0.016140931965058516
1120,0.016140931918860769
1121,0.01614093186957101
1122,0.016140931824388298
1123,0.016140931776646363
1124,0.016140931731578011
1125,0.016140931684989264
1126,0.016140931641368837
1127,0.016140931596358606
1128,0.016140931554622366
1129,0.016140931509959891
1130,0.016140931468064175
1131,0.016140931424959579
1132,0.016140931384672201
1133,0.01614093134249299
1134,0.016140931304396845
1135,0.016140931264766366
1136,0.016140931227853726
1137,0.016140931189011942
1138,0.016140931153181388
1139,0.016140931115413606
1140,0.016140931080981927
1141,0.016140931043400954
1142,0.016140931008609888
1143,0.01614093097296309
1144,0.01614093093933567
1145,0.016140930903702021
1146,0.016140930871097234
1147,0.016140930836325333
1148,0.016140930803284083
1149,0.016140930769195545
1150,0.016140930737535732
1151,0.016140930704794908
1152,0.01614093067432075
1153,0.01614093064183017
1154,0.016140930611648528
1155,0.01614093058091183
1156,0.01614093055182627
1157,0.016140930521295269
1158,0.016140930493320813
1159,0.016140930462990595
1160,0.016140930434752274
1161,0.016140930405578145
1162,0.016140930377824332
1163,0.016140930349431468
1164,0.016140930321943525
1165,0.016140930296287138
1166,0.016140930269920126
1167,0.01614093024449792
1168,0.016140930217123296
1169,0.01614093019117635
1170,0.016140930167374293
1171,0.016140930143409164
1172,0.016140930119314861
1173,0.016140930095480947
1174,0.016140930071476253
1175,0.01614093004856644
1176,0.016140930025901258
1177,0.016140930003254034
1178,0.016140929980756821
1179,0.01614092995884342
1180,0.016140929936084153
1181,0.016140929914133045
1182,0.016140929892565006
1183,0.016140929871849681
1184,0.016140929852307744
1185,0.016140929832441066
1186,0.016140929813355548
1187,0.016140929794044613
1188,0.016140929775069118
1189,0.016140929757174918
1190,0.016140929739391963
1191,0.016140929722086604
1192,0.016140929704595998
1193,0.016140929687452552
1194,0.016140929670720061
1195,0.016140929654261484
1196,0.01614092963721548
1197,0.016140929620287341
1198,0.016140929603634821
1199,0.016140929586593598
1200,0.016140929569459526
1201,0.016140929552743877
1202,0.01614092953605336
1203,0.01614092951907458
1204,0.016140929502177319
1205,0.016140929486936587
1206,0.016140929471899441
1207,0.016140929456665773
1208,0.016140929443241241
1209,0.016140929429557749
1210,0.016140929416315203
1211,0.016140929403382978
1212,0.016140929390307743
1213,0.016140929376488283
1214,0.016140929363110047
1215,0.016140929349957471
1216,0.016140929336407324
1217,0.016140929322859376
1218,0.016140929310335179
1219,0.016140929297497469
1220,0.016140929283572206
1221,0.016140929270037074
1222,0.016140929256988248
1223,0.016140929244238628
1224,0.016140929231911905
1225,0.016140929220494454
1226,0.016140929208396729
1227,0.016140929197039439
1228,0.016140929186191665
1229,0.016140929174665697
1230,0.016140929161678995
1231,0.016140929149825102
1232,0.016140929138143273
1233,0.01614092912656593
1234,0.016140929116135787
1235,0.016140929106780895
1236,0.016140929097468677
1237,0.016140929088124076
1238,0.016140929078563689
1239,0.016140929068741774
1240,0.016140929058947685
1241,0.016140929049701831
1242,0.016140929040523187
1243,0.016140929031473586
1244,0.016140929023059664
1245,0.016140929014316747
1246,0.0161409290056359
1247,0.016140928997470466
1248,0.016140928988529854
1249,0.016140928979624325
1250,0.016140928971333152
1251,0.016140928962760905
1252,0.016140928954169007
1253,0.016140928946403989
1254,0.0161409289387957
1255,0.016140928930325732
1256,0.016140928921300632
1257,0.016140928912955002
1258,0.016140928905338324
1259,0.016140928897893959
1260,0.016140928890812721
1261,0.016140928884079399
1262,0.016140928876436228
1263,0.016140928869209259
1264,0.016140928862739878
1265,0.016140928856518043
1266,0.016140928848935511
1267,0.016140928842461939
1268,0.016140928836247369
1269,0.016140928830677401
1270,0.016140928824962014
1271,0.016140928819882251
1272,0.016140928815064334
1273,0.016140928810609897
1274,0.016140928806805975
1275,0.016140928802641313
1276,0.016140928797692668
1277,0.016140928793078151
1278,0.016140928788294137
1279,0.016140928782207575
1280,0.016140928775643215
1281,0.01614092876995573
1282,0.016140928764009993
1283,0.016140928758516797
1284,0.016140928752088876
1285,0.01614092874567756
1286,0.016140928739062005
1287,0.016140928734190742
1288,0.016140928728379092
1289,0.016140928723935972
1290,0.016140928720297973
1291,0.016140928715625946
1292,0.016140928711784942
1293,0.016140928708540343
1294,0.016140928703719429
1295,0.016140928699623969
1296,0.016140928695421726
1297,0.016140928691208194
1298,0.016140928685738222
1299,0.016140928680160212
1300,0.016140928674861742
1301,0.016140928670716655
1302,0.016140928666103657
1303,0.016140928662567666
1304,0.016140928659769758
1305,0.016140928656317277
1306,0.016140928651665269
1307,0.016140928649116378
1308,0.016140928644409802
1309,0.01614092864179148
1310,0.016140928638213696
1311,0.016140928634999316
1312,0.016140928632557644
1313,0.016140928629266561
1314,0.016140928626450682
1315,0.016140928622068555
1316,0.01614092861924326
1317,0.01614092861593644
1318,0.016140928612521227
1319,0.01614092860865151
1320,0.016140928606772589
1321,0.016140928603907791
1322,0.01614092860151891
1323,0.016140928598545011
1324,0.016140928597086782
1325,0.016140928594776886
1326,0.016140928590344668
1327,0.016140928587815434
1328,0.016140928583460522
1329,0.016140928580170522
1330,0.016140928575232243
1331,0.016140928571983251
1332,0.016140928568775546
1333,0.016140928565365718
1334,0.016140928562641516
1335,0.016140928557866988
1336,0.016140928555160541
1337,0.016140928551974368
1338,0.016140928548529596
1339,0.016140928547099802
1340,0.016140928545479487
1341,0.016140928542857695
1342,0.016140928542038857
1343,0.016140928539835994
1344,0.016140928538236468
1345,0.016140928536058856
1346,0.016140928535109705
1347,0.016140928533448097
1348,0.016140928530625785
1349,0.016140928528571102
1350,0.016140928526206161
1351,0.016140928524311773
1352,0.016140928522102541
1353,0.016140928520215682
1354,0.016140928519032843
1355,0.016140928517727561
1356,0.016140928515409811
1357,0.016140928513467497
1358,0.016140928511413945
1359,0.016140928508450322
1360,0.016140928506605833
1361,0.016140928504986177
1362,0.016140928503741339
1363,0.016140928503168728
1364,0.016140928502439415
1365,0.016140928501352486
1366,0.016140928500665966
1367,0.016140928500291009
1368,0.016140928498850106
1369,0.016140928496869787
1370,0.016140928494061971
1371,0.016140928491724903
1372,0.016140928489422751
1373,0.016140928487044827
1374,0.016140928485587527
1375,0.016140928484704428
1376,0.016140928483314797
1377,0.016140928481645819
1378,0.016140928479897683
1379,0.016140928478055865
1380,0.016140928476096675
1381,0.016140928474042755
1382,0.016140928472338216
1383,0.016140928470337733
1384,0.016140928468468901
1385,0.016140928466438775
1386,0.016140928464522745
1387,0.016140928463349552
1388,0.016140928462327668
1389,0.016140928461628581
1390,0.016140928461040371
1391,0.01614092845997972
1392,0.016140928459008962
1393,0.016140928458063059
1394,0.016140928457386704
1395,0.016140928457068875
1396,0.016140928456483364
1397,0.016140928456050953
1398,0.016140928455914347
1399,0.016140928455694432
1400,0.01614092845520175
1401,0.01614092845454617
1402,0.016140928453469636
1403,0.016140928452576309
1404,0.016140928451966546
1405,0.016140928450651515
1406,0.016140928449270175
1407,0.016140928448053156
1408,0.016140928447147221
1409,0.016140928446339145
1410,0.016140928445297797
1411,0.016140928443461953
1412,0.016140928441861747
1413,0.016140928440773888
1414,0.016140928437840249
1415,0.016140928435848349
1416,0.016140928434776512
1417,0.016140928433624066
1418,0.016140928432791128
1419,0.016140928432519401
1420,0.016140928432466693
1421,0.016140928432274999
1422,0.016140928432740134
1423,0.016140928433333437
1424,0.016140928433370616
1425,0.016140928432419488
1426,0.016140928431086651
1427,0.016140928430621732
1428,0.016140928430942468
1429,0.016140928430567261
1430,0.016140928429874878
1431,0.016140928429529779
1432,0.016140928429368283
1433,0.016140928429044778
1434,0.016140928428363288
1435,0.016140928427970713
1436,0.016140928426563186
1437,0.016140928425036033
1438,0.016140928424198356
1439,0.016140928423925102
1440,0.016140928423710524
1441,0.01614092842329444
1442,0.016140928423079064
1443,0.016140928422183218
1444,0.01614092842166738
1445,0.016140928421057257
1446,0.016140928420383803
1447,0.016140928419744661
1448,0.016140928418964196
1449,0.016140928418320266
1450,0.016140928418066913
1451,0.016140928417458428
1452,0.016140928416901325
1453,0.016140928416202738
1454,0.016140928415341059
1455,0.016140928414324976
1456,0.01614092841314349
1457,0.016140928412149716
1458,0.016140928411220681
1459,0.016140928410120839
1460,0.016140928408519703
1461,0.016140928407430873
1462,0.016140928406732251
1463,0.016140928406174558
1464,0.016140928406135222
1465,0.016140928406086122
1466,0.016140928406366557
1467,0.016140928406920413
1468,0.016140928407160603
1469,0.016140928407053778
1470,0.016140928407062965
1471,0.016140928407114494
1472,0.016140928406643738
1473,0.016140928405675825
1474,0.016140928404980694
1475,0.016140928404972693
1476,0.016140928404485791
1477,0.016140928404498003
1478,0.016140928404842811
1479,0.016140928404941177
1480,0.016140928404575573
1481,0.016140928404771444
1482,0.016140928405283445
1483,0.016140928405448868
1484,0.016140928405578944
1485,0.016140928405781858
1486,0.016140928405797193
1487,0.016140928406168001
1488,0.016140928406720129
1489,0.016140928406857373
1490,0.016140928406604915
1491,0.016140928405718957
1492,0.01614092840481178
1493,0.016140928404135682
1494,0.016140928403421247
1495,0.016140928402697673
1496,0.016140928401909484
1497,0.016140928400910248
1498,0.01614092840001484
1499,0.01614092839953532
1500,0.016140928399073294
1501,0.016140928399308231
1502,0.016140928399033957
1503,0.01614092839910114
1504,0.016140928398875348
1505,0.016140928398921839
1506,0.016140928398932233
1507,0.016140928398740366
1508,0.016140928398266613
1509,0.01614092839743049
1510,0.016140928396822476
1511,0.016140928396062224
1512,0.016140928394348046
1513,0.016140928392783645
1514,0.016140928391592375
1515,0.016140928391486481
1516,0.016140928391330599
1517,0.016140928391823219
1518,0.01614092839231647
1519,0.016140928392383874
1520,0.016140928392687721
1521,0.016140928392666114
1522,0.016140928392666745
1523,0.016140928392507005
1524,0.016140928391966174
1525,0.016140928392014024
1526,0.01614092839194773
1527,0.016140928392116179
1528,0.016140928392060355
1529,0.016140928391781779
1530,0.016140928391348591
1531,0.016140928391025981
1532,0.016140928390484983
1533,0.016140928389523433
1534,0.016140928388647571
1535,0.016140928387962626
1536,0.01614092838715496
1537,0.016140928387297776
1538,0.016140928387146786
1539,0.016140928387038185
1540,0.016140928387802622
1541,0.016140928388780028
1542,0.016140928389795549
1543,0.016140928391233808
1544,0.016140928391647193
1545,0.01614092839129317
1546,0.01614092839023297
1547,0.0161409283892038
1548,0.016140928387987058
1549,0.016140928386726365
1550,0.01614092838574941
1551,0.01614092838485718
1552,0.016140928384276811
1553,0.016140928384509021
1554,0.016140928384786341
1555,0.016140928385347988
1556,0.016140928386117387
1557,0.016140928386715055
1558,0.016140928387772958
1559,0.016140928388576371
1560,0.016140928389224693
1561,0.016140928389200435
1562,0.016140928389365108
1563,0.016140928389185044
1564,0.01614092838874908
1565,0.016140928388309418
1566,0.016140928387843707
1567,0.016140928387897602
1568,0.016140928388101682
1569,0.01614092838840888
1570,0.016140928387917246
1571,0.016140928387138258
1572,0.01614092838645044
1573,0.016140928385602028
1574,0.016140928385103843
1575,0.016140928384179146
1576,0.016140928382961946
1577,0.016140928382217389
1578,0.016140928381138252
1579,0.01614092838068195
1580,0.016140928380041782
1581,0.016140928379591343
1582,0.016140928379512032
1583,0.016140928379525167
1584,0.016140928378961285
1585,0.01614092837875078
1586,0.016140928379031291
1587,0.016140928378780263
1588,0.016140928378185405
1589,0.016140928378003058
1590,0.016140928377860464
1591,0.016140928377144849
1592,0.016140928376292066
1593,0.016140928376072172
1594,0.016140928376450217
1595,0.016140928376489228
1596,0.01614092837686449
1597,0.01614092837827364
1598,0.016140928378946144
1599,0.016140928379847978
1600,0.016140928380961296
1601,0.01614092838220639
1602,0.016140928382719903
1603,0.016140928383098073
1604,0.016140928383655509
1605,0.016140928383614833
1606,0.016140928383474806
1607,0.016140928383514719
1608,0.016140928383081392
1609,0.01614092838301296
1610,0.016140928383031154
1611,0.016140928382248364
1612,0.016140928381575055
1613,0.016140928381348195
1614,0.01614092838104151
1615,0.016140928381021852
1616,0.016140928381446991
1617,0.016140928382313256
1618,0.016140928382626651
1619,0.016140928383019289
1620,0.016140928383362403
1621,0.016140928383690988
1622,0.016140928384057833
1623,0.016140928384458464
1624,0.016140928384604937
1625,0.016140928384620945
1626,0.016140928384849318
1627,0.016140928384991378
1628,0.016140928384182775
1629,0.016140928383320076
1630,0.016140928382742586
1631,0.016140928381939951
1632,0.016140928381590681
1633,0.016140928381711363
1634,0.016140928382007806
1635,0.016140928382439385
1636,0.016140928382583873
1637,0.016140928382371904
1638,0.016140928382154911
1639,0.016140928381418028
1640,0.016140928380428556
1641,0.016140928379100902
1642,0.016140928378750037
1643,0.016140928379382836
1644,0.016140928379598601
1645,0.016140928379995381
1646,0.016140928380729044
1647,0.016140928381480395
1648,0.016140928381510732
1649,0.016140928381213296
1650,0.016140928380889367
1651,0.016140928380231394
1652,0.016140928379395361
1653,0.016140928378556567
1654,0.016140928376989577
1655,0.016140928375873019
1656,0.016140928374894059
1657,0.016140928373672023
1658,0.01614092837307475
1659,0.016140928372964464
1660,0.016140928373053628
1661,0.016140928373330463
1662,0.01614092837370646
1663,0.016140928374105599
1664,0.016140928374334104
1665,0.016140928373947469
1666,0.016140928373754401
1667,0.016140928373382768
1668,0.016140928372865106
1669,0.01614092837270336
1670,0.016140928372652776
1671,0.016140928372542877
1672,0.016140928372858902
1673,0.01614092837403043
1674,0.016140928374523057
1675,0.016140928375235772
1676,0.016140928375607357
1677,0.016140928376010479
1678,0.016140928375991841
1679,0.01614092837601723
1680,0.016140928376020554
1681,0.016140928375862632
1682,0.016140928375788781
1683,0.016140928375799071
1684,0.016140928375556987
1685,0.016140928375749646
1686,0.01614092837610584
1687,0.016140928375985027
1688,0.016140928375624787
1689,0.016140928375009647
1690,0.01614092837463784
1691,0.016140928375103426
1692,0.016140928375687424
1693,0.016140928377043312
1694,0.016140928377954812
1695,0.016140928378409025
1696,0.01614092837846258
1697,0.016140928378366871
1698,0.016140928377911326
1699,0.016140928377814043
1700,0.016140928377404058
1701,0.016140928376911709
1702,0.016140928376464921
1703,0.016140928375977602
1704,0.016140928375587171
1705,0.016140928375215073
1706,0.016140928374699541
1707,0.016140928373929123
1708,0.016140928373475895
1709,0.016140928373677081
1710,0.016140928374078108
1711,0.016140928374477156
1712,0.016140928374677822
1713,0.016140928374908541
1714,0.016140928375420777
1715,0.016140928376295959
1716,0.01614092837659354
1717,0.016140928376854123
1718,0.016140928376716997
1719,0.016140928375784111
1720,0.016140928374977277
1721,0.016140928373945408
1722,0.01614092837333559
1723,0.016140928373342793
1724,0.016140928373688954
1725,0.016140928373914711
1726,0.016140928374415532
1727,0.016140928374923605
1728,0.016140928374992952
1729,0.016140928375480527
1730,0.01614092837661428
1731,0.016140928377215466
1732,0.016140928377522352
1733,0.016140928377591089
1734,0.016140928377535994
1735,0.016140928377688997
1736,0.016140928377890391
1737,0.016140928378507613
1738,0.016140928378729345
1739,0.016140928378657521
1740,0.016140928378470761
1741,0.016140928378422667
1742,0.016140928378553285
1743,0.01614092837843735
1744,0.016140928378291258
1745,0.016140928378335653
1746,0.016140928378530026
1747,0.016140928378890744
1748,0.01614092837902855
1749,0.016140928379163706
1750,0.016140928379085019
1751,0.016140928378785939
1752,0.016140928378353209
1753,0.016140928378572172
1754,0.016140928378118632
1755,0.016140928377606403
1756,0.016140928377442666
1757,0.016140928377371293
1758,0.01614092837716264
1759,0.016140928377030933
1760,0.016140928376425862
1761,0.016140928376221698
1762,0.016140928376056712
1763,0.016140928376553079
1764,0.016140928376632231
1765,0.016140928377357734
1766,0.016140928377529812
1767,0.01614092837726356
1768,0.016140928377027221
1769,0.016140928377064094
1770,0.016140928377043222
1771,0.01614092837689711
1772,0.016140928377180501
1773,0.016140928377048849
1774,0.016140928376128641
1775,0.016140928375718594
1776,0.016140928375674962
1777,0.016140928375180684
1778,0.016140928374156739
1779,0.016140928373220821
1780,0.016140928372570772
1781,0.016140928371797966
1782,0.016140928371155799
1783,0.016140928371157673
1784,0.016140928371606945
1785,0.016140928371878881
1786,0.01614092837162983
1787,0.016140928371748353
1788,0.016140928372090538
1789,0.016140928372700356
1790,0.016140928373157643
1791,0.016140928373904975
1792,0.016140928375202104
1793,0.016140928376190689
1794,0.016140928377446032
1795,0.016140928379190636
1796,0.016140928380099652
1797,0.016140928380960727
1798,0.016140928381535642
1799,0.016140928381814683
1800,0.016140928382021288
1801,0.016140928382227783
1802,0.016140928382413433
1803,0.016140928382036013
1804,0.016140928381726323
1805,0.016140928381630809
1806,0.016140928381068967
1807,0.016140928380693156
1808,0.016140928379898639
1809,0.016140928379316279
1810,0.016140928378861552
1811,0.016140928377854143
1812,0.016140928376926003
1813,0.01614092837618869
1814,0.016140928374991287
1815,0.016140928373643788
1816,0.016140928372695554
1817,0.016140928372726966
1818,0.016140928372563319
1819,0.016140928373300389
1820,0.01614092837443501
1821,0.016140928375010889
1822,0.016140928375193549
1823,0.016140928375339231
1824,0.016140928375518809
1825,0.01614092837529621
1826,0.016140928375234703
1827,0.016140928375176354
1828,0.016140928375022921
1829,0.016140928374870703
1830,0.016140928374297071
1831,0.016140928373380832
1832,0.016140928372981964
1833,0.016140928372548984
1834,0.016140928372333482
1835,0.01614092837250574
1836,0.016140928372938255
1837,0.016140928373360737
1838,0.016140928373812216
1839,0.01614092837367604
1840,0.016140928373759571
1841,0.016140928374349807
1842,0.016140928374589643
1843,0.016140928375043669
1844,0.016140928375873664
1845,0.01614092837710699
1846,0.016140928377645566
1847,0.016140928378077478
1848,0.01614092837818324
1849,0.016140928378475992
1850,0.016140928377564319
1851,0.016140928376026875
1852,0.016140928374304787
1853,0.016140928372736403
1854,0.016140928371580057
1855,0.016140928370294398
1856,0.016140928369519393
1857,0.01614092836985849
1858,0.016140928369671577
1859,0.016140928369295107
1860,0.016140928369720253
1861,0.016140928370506451
1862,0.01614092837137536
1863,0.016140928371195705
1864,0.016140928371198834
1865,0.01614092837115659
1866,0.016140928371592839
1867,0.016140928371746917
1868,0.01614092837142643
1869,0.016140928371568893
1870,0.016140928371814078
1871,0.016140928371504333
1872,0.016140928371338757
1873,0.016140928371836172
1874,0.016140928372475841
1875,0.016140928373251706
1876,0.016140928373770159
1877,0.016140928374273313
1878,0.016140928374260802
1879,0.016140928374211327
1880,0.016140928374573864
1881,0.016140928375565564
1882,0.01614092837618529
1883,0.01614092837675795
1884,0.016140928376585602
1885,0.016140928376579738
1886,0.016140928376714256
1887,0.016140928376161233
1888,0.016140928375671847
1889,0.016140928375353067
1890,0.016140928375706319
1891,0.016140928375216884
1892,0.016140928374301325
1893,0.016140928373999053
1894,0.016140928374160778
1895,0.016140928373736929
1896,0.016140928372720187
1897,0.01614092837244218
1898,0.01614092837227004
1899,0.016140928371752093
1900,0.01614092837172762
1901,0.016140928372927806
1902,0.01614092837382626
1903,0.016140928374622866
1904,0.0161409283753529
1905,0.016140928376245964
1906,0.016140928376816667
1907,0.016140928376703105
1908,0.016140928376150852
1909,0.016140928375895328
1910,0.016140928375300533
1911,0.016140928374864978
1912,0.01614092837458854
1913,0.01614092837463648
1914,0.016140928374521329
1915,0.016140928374380019
1916,0.016140928374390455
1917,0.016140928374349772
1918,0.016140928374418863
1919,0.016140928374587978
1920,0.016140928374407379
1921,0.016140928374302581
1922,0.016140928374563122
1923,0.016140928374851642
1924,0.016140928374717388
1925,0.016140928374906272
1926,0.016140928375290076
1927,0.016140928375420124
1928,0.016140928375544823
1929,0.016140928375673255
1930,0.016140928375876794
1931,0.01614092837585504
1932,0.016140928375458614
1933,0.01614092837560388
1934,0.016140928375397302
1935,0.016140928375232649
1936,0.016140928374326798
1937,0.016140928373741918
1938,0.01614092837356676
1939,0.016140928373101951
1940,0.016140928372332483
1941,0.016140928372117232
1942,0.016140928372546631
1943,0.016140928372910361
1944,0.016140928372605758
1945,0.016140928372507198
1946,0.016140928372797923
1947,0.016140928372553549
1948,0.016140928372323129
1949,0.016140928372920707
1950,0.016140928373790969
1951,0.016140928373778542
1952,0.016140928373801378
1953,0.016140928374288092
1954,0.016140928375240497
1955,0.016140928375478307
1956,0.016140928375187373
1957,0.016140928375343838
1958,0.016140928375870868
1959,0.016140928375881103
1960,0.016140928375648962
1961,0.016140928376536898
1962,0.016140928377428899
1963,0.016140928377915802
1964,0.016140928377436935
1965,0.016140928377169551
1966,0.016140928376830212
1967,0.016140928375865206
1968,0.016140928374755857
1969,0.016140928374412992
1970,0.016140928374897522
1971,0.016140928375178859
1972,0.016140928375140202
1973,0.016140928375553761
1974,0.016140928376311474
1975,0.01614092837600422
1976,0.016140928375370671
1977,0.016140928374956356
1978,0.016140928374720517
1979,0.016140928373936242
1980,0.016140928373235934
1981,0.016140928373411648
1982,0.016140928373881896
1983,0.016140928374441435
1984,0.016140928373916022
1985,0.016140928372893291
1986,0.016140928372775212
1987,0.016140928372854337
1988,0.016140928372667729
1989,0.016140928372745132
1990,0.016140928373405312
1991,0.016140928373996652
1992,0.01614092837448057
1993,0.01614092837455839
1994,0.016140928374903524
1995,0.016140928375394735
1996,0.016140928375873997
1997,0.016140928376117358
1998,0.016140928376057698
1999,0.016140928375824475
2000,0.016140928375463465
