"Iteration","Drag in X Monitor: Drag in X Monitor (N)"
1.0,4901.420047984458
2.0,3117.148716177992
3.0,1877.1326221649608
4.0,1131.2685902711673
5.0,712.59760197695
6.0,434.1390297900336
7.0,266.72935415046106
8.0,173.88460236166674
9.0,129.41063941750085
10.0,114.51760670087705
11.0,103.91907918671714
12.0,110.43761979828398
13.0,104.06042426339354
14.0,97.54595378659337
15.0,91.56392470796618
16.0,86.99545811813078
17.0,83.73214717658247
18.0,81.0571138336109
19.0,78.89342126801282
20.0,76.89172444486047
21.0,74.56518391666451
22.0,72.0662895198958
23.0,69.5687515994242
24.0,67.13172072501011
25.0,64.92456141048571
26.0,62.97641487369963
27.0,61.23774841010632
28.0,59.63678035087885
29.0,58.16703797443967
30.0,56.81525222887602
31.0,55.42498222856329
32.0,54.05486083762051
33.0,52.75291497702988
34.0,51.45076017591224
35.0,50.16886475107783
36.0,48.91205316649157
37.0,47.633798073409366
38.0,46.39718009002127
39.0,45.12339287194467
40.0,43.884805333052725
41.0,42.64789589754751
42.0,41.436005754195406
43.0,40.22840701154513
44.0,39.02761882621843
45.0,37.9646457841948
46.0,36.68704244857443
47.0,35.69686126295015
48.0,34.48876464332987
49.0,33.54408831796701
50.0,32.406023404240216
51.0,31.523639588232527
52.0,30.421774684815134
53.0,29.618959565195482
54.0,28.746373403755655
55.0,27.873294750109352
56.0,27.031819044064918
57.0,26.252091140275013
58.0,25.54678157984732
59.0,24.899833701836044
60.0,24.319257166753502
61.0,23.744832559603324
62.0,23.241714030353677
63.0,22.799560858514994
64.0,22.508499491099855
65.0,22.109598101375923
66.0,21.881495548519922
67.0,21.66690272275804
68.0,21.48401802445987
69.0,21.389819292573804
70.0,21.27408941159699
71.0,21.22814894306606
72.0,21.21480507925071
73.0,21.26921376472839
74.0,21.28465423005227
75.0,21.426313334736534
76.0,21.507624793796737
77.0,21.673680423968577
78.0,21.799155916214758
79.0,21.91206358552226
80.0,22.02682763167668
81.0,22.141427183407345
82.0,22.252681630201437
83.0,22.362957491022428
84.0,22.458887491489534
85.0,22.539147877552466
86.0,22.6083228179685
87.0,22.660595951962065
88.0,22.696932938902776
89.0,22.735464283366895
90.0,22.724717240208008
91.0,22.714221320792475
92.0,22.694659523527193
93.0,22.658548270912988
94.0,22.610772928800884
95.0,22.55464224047435
96.0,22.490764207318435
97.0,22.42113167472465
98.0,22.343425381555093
99.0,22.254402445221487
100.0,22.16568379718744
101.0,22.074559621497684
102.0,21.980367124039688
103.0,21.882079273873913
104.0,21.784429299157182
105.0,21.68532932457694
106.0,21.593611989005296
107.0,21.486720576785643
108.0,21.386753200914683
109.0,21.29072954572554
110.0,21.196016839686664
111.0,21.101967292102856
112.0,21.008087801845065
113.0,20.916603077196328
114.0,20.82058949350433
115.0,20.73009969554387
116.0,20.63563665355545
117.0,20.542364723851918
118.0,20.451506421734848
119.0,20.360267664538924
120.0,20.26779617433047
121.0,20.1746632733976
122.0,20.081224470763544
123.0,19.985486951599754
124.0,19.88885528370136
125.0,19.789174507629426
126.0,19.694898730531406
127.0,19.59234463309423
128.0,19.497649765101656
129.0,19.398322956081856
130.0,19.29638543358857
131.0,19.19416731015673
132.0,19.090966387779062
133.0,18.99071941951567
134.0,18.890883555608482
135.0,18.791608400789258
136.0,18.699872373247885
137.0,18.601920148288258
138.0,18.50577799801917
139.0,18.412263630791543
140.0,18.320694092189328
141.0,18.23117769866954
142.0,18.14419539182778
143.0,18.060196441176913
144.0,17.97931607389448
145.0,17.900923002149398
146.0,17.827640230159815
147.0,17.758072074356804
148.0,17.691885010727006
149.0,17.62894924219384
150.0,17.569546103037226
151.0,17.513696827555748
152.0,17.4614552808022
153.0,17.412803879760844
154.0,17.36768901379388
155.0,17.32618137878775
156.0,17.287913176301927
157.0,17.252692094881667
158.0,17.220188094016294
159.0,17.190907477766558
160.0,17.16460908027655
161.0,17.140958887399748
162.0,17.119760293013798
163.0,17.100827371471127
164.0,17.084085160526513
165.0,17.068899451929212
166.0,17.05441154068545
167.0,17.042521959185265
168.0,17.03255340207801
169.0,17.024575934823787
170.0,17.018525143350317
171.0,17.008981688557228
172.0,17.004996242312785
173.0,16.99748074821717
174.0,16.995416425086873
175.0,16.988935650861237
176.0,16.987988315787348
177.0,16.982055558662154
178.0,16.979226500927524
179.0,16.97687429743948
180.0,16.974075047830553
181.0,16.97075193632054
182.0,16.96709159103459
183.0,16.963653812982216
184.0,16.958658686699366
185.0,16.95419204633228
186.0,16.94943149960787
187.0,16.94419185349129
188.0,16.9384520693837
189.0,16.93222889564896
190.0,16.92553786090781
191.0,16.918396348067674
192.0,16.910800020618083
193.0,16.902768612243165
194.0,16.894340072295307
195.0,16.887925509617787
196.0,16.87466478564059
197.0,16.86749521508355
198.0,16.85654417329995
199.0,16.845439901637704
200.0,16.834564604781292
201.0,16.82370343005931
202.0,16.812703378162027
203.0,16.801604334592
204.0,16.79033562448909
205.0,16.77889625850696
206.0,16.76732735627796
207.0,16.7556600450784
208.0,16.744000775531447
209.0,16.732116384723824
210.0,16.720104635914268
211.0,16.708138068192014
212.0,16.69619732793683
213.0,16.682474105767696
214.0,16.6737633989938
215.0,16.659838919901745
216.0,16.650354806549004
217.0,16.636292261604225
218.0,16.626658295156346
219.0,16.612713685455432
220.0,16.603090746105153
221.0,16.58926828522894
222.0,16.579630890050083
223.0,16.56590049348675
224.0,16.55623096816825
225.0,16.542588363685695
226.0,16.53286894951235
227.0,16.519255959963544
228.0,16.50950312993038
229.0,16.49599500588957
230.0,16.48618374988797
231.0,16.47273633986842
232.0,16.462892771273005
233.0,16.449528375912053
234.0,16.439722729299262
235.0,16.42641883531776
236.0,16.41657046446248
237.0,16.404591116585323
238.0,16.392635769160094
239.0,16.3810789426591
240.0,16.36974789191062
241.0,16.358548781383462
242.0,16.347449971419053
243.0,16.336442592320907
244.0,16.3255324691535
245.0,16.314730044859502
246.0,16.304032960100415
247.0,16.293301172437467
248.0,16.282886158366395
249.0,16.27263532713421
250.0,16.262560854970204
251.0,16.252525956619024
252.0,16.242668575549658
253.0,16.232954133239062
254.0,16.223401155427425
255.0,16.214005311472775
256.0,16.204779574761858
257.0,16.19571659220219
258.0,16.186816992204868
259.0,16.17806506599503
260.0,16.16945174433036
261.0,16.160996340826145
262.0,16.152718184377036
263.0,16.144549010046177
264.0,16.136509256924853
265.0,16.128588948301314
266.0,16.120781978470262
267.0,16.113091176141367
268.0,16.10551199814452
269.0,16.098035457376
270.0,16.09065479284213
271.0,16.082452769628546
272.0,16.076736111276745
273.0,16.06869824425266
274.0,16.062188159469457
275.0,16.055502913193322
276.0,16.04869548247568
277.0,16.041848336932844
278.0,16.035038747776298
279.0,16.02829347717615
280.0,16.021609057761196
281.0,16.014977129394012
282.0,16.008390678481476
283.0,16.001845673626903
284.0,15.9953379181879
285.0,15.988865337329813
286.0,15.983208887245254
287.0,15.975568466108612
288.0,15.969923212540422
289.0,15.96262687345758
290.0,15.957223537952402
291.0,15.950052721571026
292.0,15.944711376960882
293.0,15.937616803049394
294.0,15.932321868880791
295.0,15.92595275945149
296.0,15.919580975282528
297.0,15.913388224172223
298.0,15.907313977395361
299.0,15.9013111773599
300.0,15.895352750135487
301.0,15.889433742568798
302.0,15.88355300204806
303.0,15.877596451701564
304.0,15.871832192926817
305.0,15.866120046638429
306.0,15.860435973701655
307.0,15.85478218382363
308.0,15.849164510971832
309.0,15.843593325565607
310.0,15.8380693035339
311.0,15.832592835743483
312.0,15.827163579105147
313.0,15.82177238817907
314.0,15.816448523396275
315.0,15.811170365873721
316.0,15.805936568816264
317.0,15.80075235759422
318.0,15.795616102074845
319.0,15.790530682618993
320.0,15.785493492406147
321.0,15.78050808273467
322.0,15.775571693366217
323.0,15.77068625278713
324.0,15.7658441973402
325.0,15.761055903193977
326.0,15.756320678283956
327.0,15.751637784901689
328.0,15.74700674613959
329.0,15.742423691987398
330.0,15.737896872681617
331.0,15.733413913921524
332.0,15.728981800131123
333.0,15.724600797637677
334.0,15.720270108087703
335.0,15.715988733975138
336.0,15.711755913293828
337.0,15.70757158474828
338.0,15.703435661618983
339.0,15.699348652925607
340.0,15.695311003872575
341.0,15.691322294641282
342.0,15.687382930566784
343.0,15.683492850143296
344.0,15.679651273223314
345.0,15.67585797379111
346.0,15.672113414526123
347.0,15.668416176636526
348.0,15.664732506869981
349.0,15.66113393157103
350.0,15.657588843291933
351.0,15.654079760558702
352.0,15.650619069682975
353.0,15.647204955356017
354.0,15.64383357056714
355.0,15.640504317359458
356.0,15.637217608007006
357.0,15.633972891273316
358.0,15.630770126522918
359.0,15.627610564449952
360.0,15.624489624947373
361.0,15.621407463471229
362.0,15.618365490756332
363.0,15.615363758281305
364.0,15.612401519495151
365.0,15.60947811100992
366.0,15.606592952416435
367.0,15.60348849636442
368.0,15.601132905055294
369.0,15.598062676255168
370.0,15.595667276461683
371.0,15.592637631431288
372.0,15.590284254390156
373.0,15.587326893187424
374.0,15.585040373342878
375.0,15.582160792182364
376.0,15.57993735499656
377.0,15.577130565147584
378.0,15.574965878303232
379.0,15.572226968243612
380.0,15.570117085239374
381.0,15.567442011532592
382.0,15.565386178228579
383.0,15.56277551958921
384.0,15.560772708751628
385.0,15.558224956975138
386.0,15.556271844960492
387.0,15.55378514104477
388.0,15.551879764028854
389.0,15.549452535789115
390.0,15.547592831621998
391.0,15.545223161751466
392.0,15.543407363571518
393.0,15.541093464303657
394.0,15.539320474553705
395.0,15.537060371270144
396.0,15.53532870022471
397.0,15.5331213256256
398.0,15.53143025695229
399.0,15.52927294061196
400.0,15.527621022844926
401.0,15.52551388308433
402.0,15.52390116574054
403.0,15.521842200797764
404.0,15.520266995760949
405.0,15.518255796324283
406.0,15.516718064032005
407.0,15.514753452652172
408.0,15.513251971436674
409.0,15.511333305791027
410.0,15.509867444468952
411.0,15.507993632033276
412.0,15.50656327322784
413.0,15.504734180238657
414.0,15.50333797350362
415.0,15.501552124563943
416.0,15.500189218832787
417.0,15.498445850009745
418.0,15.497114910361162
419.0,15.495412981037845
420.0,15.49411392588084
421.0,15.492452737700987
422.0,15.491184535835671
423.0,15.489563118494871
424.0,15.488325014916299
425.0,15.48674280138539
426.0,15.485534123703872
427.0,15.483989753133017
428.0,15.482809739155343
429.0,15.481302356714167
430.0,15.480149840488934
431.0,15.478677642780468
432.0,15.477552194210418
433.0,15.476114991912326
434.0,15.47501940103696
435.0,15.4736165862938
436.0,15.472539855953372
437.0,15.471174199035445
438.0,15.470124594903993
439.0,15.468791555023714
440.0,15.467765584631934
441.0,15.466463430947059
442.0,15.465461354967559
443.0,15.464189074642007
444.0,15.463210666203778
445.0,15.461968023082179
446.0,15.461012594216768
447.0,15.45979871018767
448.0,15.458866030448448
449.0,15.457680592921136
450.0,15.45677025133591
451.0,15.455612757419942
452.0,15.454723994339759
453.0,15.453593314173816
454.0,15.452725882788243
455.0,15.451622034046636
456.0,15.450775553909097
457.0,15.449697800255237
458.0,15.448871678104666
459.0,15.447819342314105
460.0,15.447013042212944
461.0,15.445985560795393
462.0,15.445198603011008
463.0,15.444195338067303
464.0,15.443427205498494
465.0,15.442447537049077
466.0,15.441697626628638
467.0,15.44074088145426
468.0,15.440008782894893
469.0,15.439075203907365
470.0,15.438360660253366
471.0,15.437448393865282
472.0,15.436750566696105
473.0,15.435859603502493
474.0,15.435178162587661
475.0,15.434308023467054
476.0,15.433642473348911
477.0,15.432792622996047
478.0,15.432142536213519
479.0,15.431312488457806
480.0,15.430677151907943
481.0,15.429865952859345
482.0,15.429245716733973
483.0,15.428453435406567
484.0,15.427847469302321
485.0,15.4270734335214
486.0,15.42648128907095
487.0,15.42572519578927
488.0,15.425146486230688
489.0,15.424407792784322
490.0,15.423842318905258
491.0,15.423120539799484
492.0,15.422569563078014
493.0,15.421867546646993
494.0,15.421331575203453
495.0,15.420645123275392
496.0,15.420120314694756
497.0,15.41944781177358
498.0,15.41893336583449
499.0,15.418275405129165
500.0,15.417772393742155
501.0,15.417129507336611
502.0,15.416638221426581
503.0,15.416010493528717
504.0,15.415531564173904
505.0,15.414919523377264
506.0,15.41445319663751
507.0,15.413856628873091
508.0,15.413402780521537
509.0,15.412820794784949
510.0,15.412378369616704
511.0,15.41181015873893
512.0,15.411378054477083
513.0,15.410822567490925
514.0,15.410399623182613
515.0,15.409855930796553
516.0,15.409441425741548
517.0,15.40890903100663
518.0,15.408502625431055
519.0,15.407981335035643
520.0,15.407583058885322
521.0,15.407072380791234
522.0,15.406682108180433
523.0,15.406182424408854
524.0,15.405800558913057
525.0,15.405311895083827
526.0,15.404938261285437
527.0,15.404460450277881
528.0,15.404094972054736
529.0,15.403627852031704
530.0,15.403270453992278
531.0,15.40281388297511
532.0,15.40246447705573
533.0,15.402018270861362
534.0,15.401676725978646
535.0,15.40124069479262
536.0,15.400906871209685
537.0,15.400480796940286
538.0,15.400154516048573
539.0,15.39973815776085
540.0,15.399419219555
541.0,15.399012338557526
542.0,15.39870055607848
543.0,15.398302927925258
544.0,15.39799813147215
545.0,15.39760952695977
546.0,15.397311555403661
547.0,15.39693177602102
548.0,15.396640502980318
549.0,15.396269371777748
550.0,15.395984684480453
551.0,15.39562204076121
552.0,15.395343822580713
553.0,15.394989498061548
554.0,15.39471762774842
555.0,15.394371472824645
556.0,15.39410581886942
557.0,15.3937676705727
558.0,15.393508110534952
559.0,15.393177738447179
560.0,15.39292409416717
561.0,15.392601325942579
562.0,15.392353499193405
563.0,15.392038238047746
564.0,15.39179610854083
565.0,15.391488202546071
566.0,15.391251663990573
567.0,15.390950995532265
568.0,15.390719990415306
569.0,15.390426449420119
570.0,15.390200928347198
571.0,15.38991438166812
572.0,15.389694299623656
573.0,15.389414622394838
574.0,15.389199908489047
575.0,15.388926961657702
576.0,15.388717534852745
577.0,15.38845116872453
578.0,15.388246912786201
579.0,15.387986953380903
580.0,15.387787725475107
581.0,15.387533990133036
582.0,15.387339619457578
583.0,15.387091914647144
584.0,15.3869022183369
585.0,15.386660352019064
586.0,15.38647514681351
587.0,15.386238932243614
588.0,15.386058039331147
589.0,15.385827299532579
590.0,15.385650557948324
591.0,15.385425123008815
592.0,15.385252382406037
593.0,15.385032097360266
594.0,15.38486323781747
595.0,15.384647967317889
596.0,15.384482884855743
597.0,15.384272506545742
598.0,15.38411112018575
599.0,15.383905527902442
600.0,15.383747758838325
601.0,15.383546855045012
602.0,15.383392643685482
603.0,15.383196343236378
604.0,15.383045633060519
605.0,15.38285385008011
606.0,15.382706581739086
607.0,15.38251923171552
608.0,15.382375349994248
609.0,15.382192349944688
610.0,15.382051799199985
611.0,15.381873067772034
612.0,15.381735786750554
613.0,15.381561229643083
614.0,15.381427147209266
615.0,15.381256673485154
616.0,15.381125716401371
617.0,15.380959231723935
618.0,15.380831326148012
619.0,15.380668735486068
620.0,15.380543799866444
621.0,15.380385006217807
622.0,15.380262973458642
623.0,15.380107890382419
624.0,15.379988689577772
625.0,15.379837222762973
626.0,15.37972077042329
627.0,15.379572826862201
628.0,15.379459056962688
629.0,15.379314554272298
630.0,15.379203400379893
631.0,15.379062251072241
632.0,15.378953644550961
633.0,15.37881576554581
634.0,15.378709650757088
635.0,15.378574976126686
636.0,15.378471298238296
637.0,15.378339747415865
638.0,15.37823845049924
639.0,15.37810995778544
640.0,15.378010990158899
641.0,15.377885478158348
642.0,15.377788784083066
643.0,15.377666186201068
644.0,15.377571716957533
645.0,15.377451971122554
646.0,15.377359681381208
647.0,15.377242717123977
648.0,15.377152549763906
649.0,15.377038301047634
650.0,15.376950224952964
651.0,15.376838640554922
652.0,15.376752609174517
653.0,15.376643606708939
654.0,15.376559572258145
655.0,15.376453104743732
656.0,15.3763710243568
657.0,15.376267039850816
658.0,15.376177253607722
659.0,15.376090475457502
660.0,15.376003546223629
661.0,15.375915262049588
662.0,15.375828359473985
663.0,15.375741484942495
664.0,15.375656545769743
665.0,15.375571776560733
666.0,15.37548893388734
667.0,15.375406206189908
668.0,15.37532535068543
669.0,15.37524456363873
670.0,15.37516561309856
671.0,15.37508669714768
672.0,15.375009598824334
673.0,15.374932509782909
674.0,15.374857220752403
675.0,15.374781917017359
676.0,15.374708396720763
677.0,15.374634843682486
678.0,15.374563061221778
679.0,15.374491224012289
680.0,15.374421135483914
681.0,15.37435096993336
682.0,15.37428253601172
683.0,15.374214001350026
684.0,15.374147177776067
685.0,15.374080230863427
686.0,15.37401497423933
687.0,15.373949568581082
688.0,15.373885832493386
689.0,15.373821934119405
690.0,15.373759683589029
691.0,15.373697253469302
692.0,15.373636456557719
693.0,15.373575462567572
694.0,15.373516080166809
695.0,15.37345648239112
696.0,15.373398484993245
697.0,15.373340256072282
698.0,15.373283609909933
699.0,15.37322671660958
700.0,15.373171390875797
701.0,15.373115801960708
702.0,15.373061766249407
703.0,15.373007451038163
704.0,15.372954674748968
705.0,15.372901601405019
706.0,15.372850057061683
707.0,15.372798198984981
708.0,15.372747853937426
709.0,15.372697187472241
710.0,15.372648022995207
711.0,15.372598516260041
712.0,15.372550496726475
713.0,15.372502118733522
714.0,15.372455215482503
715.0,15.37240794329739
716.0,15.372362133188801
717.0,15.372315940896172
718.0,15.372271196638593
719.0,15.372226055265187
720.0,15.372182354385473
721.0,15.372138243941862
722.0,15.372095559809338
723.0,15.37205245419591
724.0,15.372010764688966
725.0,15.371968641482724
726.0,15.37192792241504
727.0,15.371886760332558
728.0,15.371846992067091
729.0,15.371806765454863
730.0,15.371767929542358
731.0,15.371728622401875
732.0,15.37169069840958
733.0,15.371652293483777
734.0,15.371615268930384
735.0,15.371577746538748
736.0,15.371541593052257
737.0,15.371504932869897
738.0,15.37146962488211
739.0,15.371433806321406
740.0,15.371399329732554
741.0,15.371364334147486
742.0,15.371330671492714
743.0,15.371296479072868
744.0,15.37126360741999
745.0,15.371230201660836
746.0,15.371198106265823
747.0,15.37116546904771
748.0,15.371134131769523
749.0,15.371102245552919
750.0,15.37107164692948
751.0,15.371040490692167
752.0,15.371010610305703
753.0,15.370980169297795
754.0,15.370950997834555
755.0,15.370921257524913
756.0,15.370892773991613
757.0,15.370863716126834
758.0,15.370835904121947
759.0,15.370807515091073
760.0,15.370780362801469
761.0,15.370752629586349
762.0,15.37072612078056
763.0,15.370699020502286
764.0,15.370673137840953
765.0,15.370646660723807
766.0,15.370621393740777
767.0,15.370595527802564
768.0,15.370570861439418
769.0,15.370545591792634
770.0,15.370521509480213
771.0,15.370496815247833
772.0,15.370473300052922
773.0,15.370449172215984
774.0,15.370426215751621
775.0,15.370402640719277
776.0,15.37038022747413
777.0,15.370357188506262
778.0,15.370335302202236
779.0,15.370312787354592
780.0,15.370291420568577
781.0,15.370268940005175
782.0,15.370248548184207
783.0,15.370228401272612
784.0,15.370207901522505
785.0,15.370187612431195
786.0,15.370166965488764
787.0,15.370147090183977
788.0,15.370126926544032
789.0,15.370107587146919
790.0,15.370087926134886
791.0,15.370069065118656
792.0,15.370049846264848
793.0,15.370031441773904
794.0,15.370012647857465
795.0,15.369994691220398
796.0,15.369976308813392
797.0,15.36995878895766
798.0,15.369940814181348
799.0,15.369923718687545
800.0,15.369905546577442
801.0,15.369889605868678
802.0,15.369874067485853
803.0,15.369855172445355
804.0,15.369839376259534
805.0,15.369823532312921
806.0,15.369808623249654
807.0,15.36979255800729
808.0,15.369777358401336
809.0,15.369761318238687
810.0,15.369746368401977
811.0,15.369730734818972
812.0,15.369716207077147
813.0,15.369700976997208
814.0,15.36968682384665
815.0,15.369671935605496
816.0,15.369658111572704
817.0,15.369643544121857
818.0,15.369630036724743
819.0,15.369615790119028
820.0,15.369602596482949
821.0,15.369588663396186
822.0,15.36957577922989
823.0,15.369562155091486
824.0,15.369549576001432
825.0,15.369536258611362
826.0,15.369523974820424
827.0,15.369512208548784
828.0,15.369497594672012
829.0,15.369488022571232
830.0,15.369474717248053
831.0,15.369465028334517
832.0,15.369451231090522
833.0,15.369441391397359
834.0,15.369427681953383
835.0,15.369418086752802
836.0,15.369404834751222
837.0,15.369395530115469
838.0,15.369382677738017
839.0,15.369373590007314
840.0,15.36936103842362
841.0,15.369352130151398
842.0,15.369339849248519
843.0,15.369331115538472
844.0,15.36931910612023
845.0,15.369310554672182
846.0,15.369299901241874
847.0,15.369288404567627
848.0,15.369281604335214
849.0,15.369270812712472
850.0,15.36926008521408
851.0,15.369252446598509
852.0,15.369242473828521
853.0,15.369232204322145
854.0,15.369223568787845
855.0,15.369214793724723
856.0,15.369206850379783
857.0,15.369198048128496
858.0,15.369189760311215
859.0,15.369180670050142
860.0,15.369172291887935
861.0,15.369163328692991
862.0,15.369155216262186
863.0,15.36914657003841
864.0,15.36913875950762
865.0,15.36913037300262
866.0,15.369122771614428
867.0,15.369114562382961
868.0,15.369107115627287
869.0,15.369099061131365
870.0,15.369091767838896
871.0,15.369083876238747
872.0,15.369076748782817
873.0,15.369069030892035
874.0,15.369062073667521
875.0,15.369054524269743
876.0,15.369047728288109
877.0,15.369040341595394
878.0,15.369033704197705
879.0,15.369026477631877
880.0,15.369019994667909
881.0,15.369012924558547
882.0,15.369006592108079
883.0,15.368999671405092
884.0,15.368993482337743
885.0,15.368986710165487
886.0,15.368980669592418
887.0,15.368974045538963
888.0,15.368968150316576
889.0,15.36896167314326
890.0,15.368955917476598
891.0,15.36894957981221
892.0,15.368943961303557
893.0,15.368937763768358
894.0,15.368932281626485
895.0,15.368926217969289
896.0,15.368920864916674
897.0,15.368914933201893
898.0,15.368909709518078
899.0,15.36890390682089
900.0,15.368898810901982
901.0,15.368893138764108
902.0,15.368888169198527
903.0,15.368882622809835
904.0,15.368877774057935
905.0,15.36887234720092
906.0,15.36886761405762
907.0,15.36886230432107
908.0,15.368857684818082
909.0,15.368852487442396
910.0,15.368847977275692
911.0,15.36884289185761
912.0,15.368838491964112
913.0,15.368833518205278
914.0,15.36882922691754
915.0,15.36882436334443
916.0,15.368820180538322
917.0,15.368815425946039
918.0,15.368811344455466
919.0,15.368806690257074
920.0,15.368802709593936
921.0,15.368798157285568
922.0,15.368794274947248
923.0,15.368789822335273
924.0,15.368786036157033
925.0,15.368781680281643
926.0,15.368777988868146
927.0,15.368773728886424
928.0,15.368770130540469
929.0,15.368765966213019
930.0,15.368762462145995
931.0,15.36875839306407
932.0,15.36875498150124
933.0,15.368751002120732
934.0,15.368747675779801
935.0,15.368743782948755
936.0,15.368740540165916
937.0,15.368736730100082
938.0,15.368733569463771
939.0,15.368729841638967
940.0,15.368726763539769
941.0,15.368723118920855
942.0,15.368720121438244
943.0,15.368716561311487
944.0,15.36871364465911
945.0,15.368710162218605
946.0,15.368707324767357
947.0,15.368703918434989
948.0,15.368701151234575
949.0,15.368697821161945
950.0,15.368695127607452
951.0,15.368691873757285
952.0,15.368689251815738
953.0,15.368686070617144
954.0,15.368683516989009
955.0,15.368680405878308
956.0,15.368677918057259
957.0,15.368674875395868
958.0,15.36867245120601
959.0,15.368669474071382
960.0,15.368667112208314
961.0,15.368664202411281
962.0,15.3686619056964
963.0,15.36865906053842
964.0,15.368656823003263
965.0,15.36865403915867
966.0,15.36865185984982
967.0,15.368649136468989
968.0,15.368647014681073
969.0,15.368644350673904
970.0,15.368642284914458
971.0,15.368639680662227
972.0,15.3686376729935
973.0,15.36863512524333
974.0,15.368633170121768
975.0,15.368630679489968
976.0,15.368628776994441
977.0,15.368626338760706
978.0,15.368624486340522
979.0,15.368622101640653
980.0,15.368620300267693
981.0,15.368617966057101
982.0,15.3686161464895
983.0,15.368613787175462
984.0,15.368611979114107
985.0,15.368609709722264
986.0,15.368608173480169
987.0,15.368606195446276
988.0,15.368604761532424
989.0,15.36860273493238
990.0,15.368601050481303
991.0,15.368598812681228
992.0,15.368597087665535
993.0,15.368594876459824
994.0,15.368593302388788
995.0,15.368591233939753
996.0,15.368589691964274
997.0,15.36858770292919
998.0,15.36858628318413
999.0,15.368584426527661
1000.0,15.368583147380889
1001.0,15.368581417119387
1002.0,15.368580195842057
1003.0,15.368578470199594
1004.0,15.368577214367988
1005.0,15.368575429165773
1006.0,15.368574126092497
1007.0,15.368572303918711
1008.0,15.368570990656252
1009.0,15.368569176614116
1010.0,15.368567888769093
1011.0,15.368566123961727
1012.0,15.368564896630815
1013.0,15.368563210706583
1014.0,15.368562059635977
1015.0,15.36856045929423
1016.0,15.368559385958648
1017.0,15.368557859685055
1018.0,15.368556848561255
1019.0,15.368555374824467
1020.0,15.368554404518392
1021.0,15.368552960826008
1022.0,15.36855200993594
1023.0,15.3685505826448
1024.0,15.368549645316449
1025.0,15.368548230355557
1026.0,15.368547304927134
1027.0,15.368545902681575
1028.0,15.368544990575586
1029.0,15.368543603252732
1030.0,15.368542706841467
1031.0,15.36854133921878
1032.0,15.368540461974561
1033.0,15.368539113106792
1034.0,15.368538254182695
1035.0,15.368536925109282
1036.0,15.368536085167406
1037.0,15.368534777148326
1038.0,15.368533958528118
1039.0,15.368532674046364
1040.0,15.368531878499397
1041.0,15.36853061588154
1042.0,15.368529843180355
1043.0,15.368528606122794
1044.0,15.368527856686015
1045.0,15.368526644915605
1046.0,15.368525919793697
1047.0,15.36852472971556
1048.0,15.368524025677118
1049.0,15.368522855299346
1050.0,15.36852216844298
1051.0,15.368521017164312
1052.0,15.368520348100944
1053.0,15.36851921391957
1054.0,15.36851856150109
1055.0,15.368517443745716
1056.0,15.368516806550474
1057.0,15.368515704460691
1058.0,15.36851508370188
1059.0,15.368513998738294
1060.0,15.368513394363987
1061.0,15.368512326728279
1062.0,15.368511739574089
1063.0,15.368510689127874
1064.0,15.368510118078476
1065.0,15.368509083942598
1066.0,15.368508528804256
1067.0,15.368507511849018
1068.0,15.36850697337998
1069.0,15.36850597343738
1070.0,15.368505451279574
1071.0,15.368504466616542
1072.0,15.368503960050717
1073.0,15.368502992580304
1074.0,15.368502500869823
1075.0,15.36850154711658
1076.0,15.368501069680448
1077.0,15.36850013119276
1078.0,15.368499667917192
1079.0,15.368498744753524
1080.0,15.368498298094437
1081.0,15.368497392942146
1082.0,15.368496965093343
1083.0,15.36849607763152
1084.0,15.368495664959369
1085.0,15.36849479468357
1086.0,15.368494399327304
1087.0,15.368493545555623
1088.0,15.368493165398561
1089.0,15.368492327154968
1090.0,15.36849196463308
1091.0,15.368491143936893
1092.0,15.368490797604537
1093.0,15.368489992341807
1094.0,15.368489659519298
1095.0,15.368488870053042
1096.0,15.368488553607918
1097.0,15.368487777822793
1098.0,15.368487474051108
1099.0,15.368486712585138
1100.0,15.36848642274235
1101.0,15.368485673865123
1102.0,15.36848539564933
1103.0,15.368484658623885
1104.0,15.368484392590062
1105.0,15.368483665991548
1106.0,15.36848340709922
1107.0,15.368482688539245
1108.0,15.36848243771459
1109.0,15.368481726886642
1110.0,15.368481484603862
1111.0,15.36848078397145
1112.0,15.36848055224307
1113.0,15.368479861071151
1114.0,15.368479638124413
1115.0,15.368478957347989
1116.0,15.36847874636861
1117.0,15.368478077248866
1118.0,15.3684778768733
1119.0,15.368477218461308
1120.0,15.368477029888695
1121.0,15.368476382824909
1122.0,15.368476202605706
1123.0,15.368475564265566
1124.0,15.368475392214052
1125.0,15.368474762661052
1126.0,15.368474601962205
1127.0,15.368473982873724
1128.0,15.368473830907107
1129.0,15.368473221117213
1130.0,15.368473077518061
1131.0,15.368472474473108
1132.0,15.36847233618667
1133.0,15.368471739889983
1134.0,15.368471611634774
1135.0,15.36847102567991
1136.0,15.368470905708435
1137.0,15.368470328601546
1138.0,15.368470216653918
1139.0,15.368469647112263
1140.0,15.368469544107413
1141.0,15.368468982810995
1142.0,15.368468886419706
1143.0,15.368468331639477
1144.0,15.368468241070133
1145.0,15.368467693456296
1146.0,15.36846760939136
1147.0,15.368467067999148
1148.0,15.368466990031777
1149.0,15.368466453873992
1150.0,15.368466381228401
1151.0,15.368465852404412
1152.0,15.368465787810663
1153.0,15.368465265468458
1154.0,15.368465207998995
1155.0,15.368464691956717
1156.0,15.368464639333439
1157.0,15.368464129583018
1158.0,15.368464084742953
1159.0,15.368463583130563
1160.0,15.368463546776084
1161.0,15.368463053341415
1162.0,15.368463023148351
1163.0,15.368462534855482
1164.0,15.368462510463857
1165.0,15.368462028221273
1166.0,15.368462009149695
1167.0,15.368461531165764
1168.0,15.368461516571614
1169.0,15.368461041849727
1170.0,15.368461031078908
1171.0,15.368460561509039
1172.0,15.368460557514993
1173.0,15.368460095072336
1174.0,15.3684600973357
1175.0,15.3684596416674
1176.0,15.368459649586299
1177.0,15.368459198484729
1178.0,15.368459210621722
1179.0,15.368458764967428
1180.0,15.368458782560637
1181.0,15.368458342522743
1182.0,15.368458364820029
1183.0,15.368457929216916
1184.0,15.36845795620394
1185.0,15.368457524869953
1186.0,15.368457555925445
1187.0,15.368457128266087
1188.0,15.368457161569808
1189.0,15.368456737679196
1190.0,15.368456777094721
1191.0,15.368456358918507
1192.0,15.36845640409939
1193.0,15.36845599064398
1194.0,15.368456040083785
1195.0,15.368455631349903
1196.0,15.368455684420766
1197.0,15.36845527950861
1198.0,15.3684553366015
1199.0,15.36845493460146
1200.0,15.368454994635854
1201.0,15.368454595053848
1202.0,15.36845465876145
1203.0,15.36845426442764
1204.0,15.368454332357672
1205.0,15.368453942071397
1206.0,15.368454014165593
1207.0,15.368453627999656
1208.0,15.36845370380324
1209.0,15.368453320526328
1210.0,15.368453399147583
1211.0,15.36845301853252
1212.0,15.368453100269974
1213.0,15.368452723415317
1214.0,15.36845280898119
1215.0,15.368452435976636
1216.0,15.368452524677963
1217.0,15.368452154315719
1218.0,15.368452246255544
1219.0,15.368451880733517
1220.0,15.368451976450189
1221.0,15.368451613653846
1222.0,15.368451711743717
1223.0,15.36845135187076
1224.0,15.368451452800286
1225.0,15.368451094735775
1226.0,15.368451198010717
1227.0,15.36845084380397
1228.0,15.368450950322526
1229.0,15.368450598146424
1230.0,15.368450707763259
1231.0,15.368450358539675
1232.0,15.368450469929542
1233.0,15.368450122903639
1234.0,15.3684502368056
1235.0,15.368449891456962
1236.0,15.368450007850754
1237.0,15.3684496652225
1238.0,15.368449783222161
1239.0,15.368449443394653
1240.0,15.368449564460931
1241.0,15.368449227901905
1242.0,15.368449352390257
1243.0,15.368449018071516
1244.0,15.368449145275903
1245.0,15.36844881369251
1246.0,15.368448942023178
1247.0,15.368448611767306
1248.0,15.368448744846049
1249.0,15.368448418601659
1250.0,15.36844855286877
1251.0,15.368448228389383
1252.0,15.368448363928081
1253.0,15.36844804026967
1254.0,15.368448177874356
1255.0,15.368447855934178
1256.0,15.368447995136023
1257.0,15.368447677016277
1258.0,15.36844781983551
1259.0,15.368447504539645
1260.0,15.368447650631197
1261.0,15.368447338381557
1262.0,15.36844748605806
1263.0,15.368447173746944
1264.0,15.368447320482545
1265.0,15.368447008774368
1266.0,15.36844715695571
1267.0,15.368446846845714
1268.0,15.36844699811941
1269.0,15.368446691274059
1270.0,15.368446846039618
1271.0,15.368446541858773
1272.0,15.368446698643979
1273.0,15.368446396299717
1274.0,15.36844655283555
1275.0,15.36844625083259
1276.0,15.36844640861338
1277.0,15.368446106677553
1278.0,15.368446265297507
1279.0,15.368445966127425
1280.0,15.368446127978785
1281.0,15.36844583078313
1282.0,15.368445994048443
1283.0,15.368445699464345
1284.0,15.368445866263926
1285.0,15.368445572764841
1286.0,15.368445739650667
1287.0,15.368445446629295
1288.0,15.36844561459813
1289.0,15.368445323182627
1290.0,15.368445491383099
1291.0,15.368445201215707
1292.0,15.368445371761865
1293.0,15.368445083943072
1294.0,15.368445256235987
1295.0,15.36844496947819
1296.0,15.368445142453197
1297.0,15.36844485676832
1298.0,15.368445031007212
1299.0,15.368444745618703
1300.0,15.368444921109258
1301.0,15.368444637219028
1302.0,15.368444814053106
1303.0,15.368444532230441
1304.0,15.368444709654199
1305.0,15.36844442918516
1306.0,15.368444608982387
1307.0,15.36844432946738
1308.0,15.368444510374857
1309.0,15.368444231014735
1310.0,15.368444411180903
1311.0,15.368444132021253
1312.0,15.368444311838388
1313.0,15.368444032858562
1314.0,15.368444213637787
1315.0,15.368443935985496
1316.0,15.368444117734171
1317.0,15.36844383972317
1318.0,15.368444022209545
1319.0,15.368443745721237
1320.0,15.368443928777893
1321.0,15.368443651474948
1322.0,15.368443834195176
1323.0,15.368443558704612
1324.0,15.368443743941157
1325.0,15.368443471626165
1326.0,15.368443659720427
1327.0,15.368443389141802
1328.0,15.368443579021118
1329.0,15.368443310112383
1330.0,15.368443500453239
1331.0,15.368443231342027
1332.0,15.368443421489829
1333.0,15.368443152782262
1334.0,15.368443344693347
1335.0,15.368443078148317
1336.0,15.368443272620127
1337.0,15.368443007230624
1338.0,15.368443201264697
1339.0,15.36844293691253
1340.0,15.368443132431338
1341.0,15.368442869141859
1342.0,15.368443065151979
1343.0,15.368442802470113
1344.0,15.368442999015912
1345.0,15.368442735726788
1346.0,15.368442932056467
1347.0,15.368442670427967
1348.0,15.36844286818021
1349.0,15.368442606710659
1350.0,15.36844280509817
1351.0,15.368442543604075
1352.0,15.368442741801672
1353.0,15.368442480281104
1354.0,15.368442679125693
1355.0,15.368442418155297
1356.0,15.368442617546975
1357.0,15.36844235812265
1358.0,15.368442558934717
1359.0,15.368442301459623
1360.0,15.368442504159958
1361.0,15.368442248104202
1362.0,15.368442451626933
1363.0,15.368442195937149
1364.0,15.368442400715367
1365.0,15.368442144590887
1366.0,15.368442349076489
1367.0,15.368442094541876
1368.0,15.368442300117295
1369.0,15.368442045835167
1370.0,15.368442251315557
1371.0,15.368441998511244
1372.0,15.368442204840449
1373.0,15.36844195135511
1374.0,15.368442156952256
1375.0,15.368441904431293
1376.0,15.36844211142838
1377.0,15.368441858920306
1378.0,15.368442066742105
1379.0,15.368441815943598
1380.0,15.36844202539092
1381.0,15.368441776250393
1382.0,15.368441985515574
1383.0,15.36844173501504
1384.0,15.368441943042583
1385.0,15.368441692532329
1386.0,15.368441902349474
1387.0,15.368441653841913
1388.0,15.368441863638168
1389.0,15.368441613975122
1390.0,15.36844182395481
1391.0,15.368441573760563
1392.0,15.368441783086624
1393.0,15.36844153351609
1394.0,15.36844174346092
1395.0,15.368441493670787
1396.0,15.3684417029544
1397.0,15.368441453068172
1398.0,15.36844166309055
1399.0,15.368441414049997
1400.0,15.36844162489254
1401.0,15.36844137749317
1402.0,15.368441589276145
1403.0,15.368441342703832
1404.0,15.368441555684441
1405.0,15.368441308891278
1406.0,15.368441521675436
1407.0,15.3684412755658
1408.0,15.368441490672822
1409.0,15.368441245642657
1410.0,15.368441459885986
1411.0,15.368441215670117
1412.0,15.368441431259555
1413.0,15.368441187066196
1414.0,15.368441403102935
1415.0,15.368441159116415
1416.0,15.368441375370836
1417.0,15.368441131436697
1418.0,15.368441347674263
1419.0,15.368441103184352
1420.0,15.368441318817588
1421.0,15.368441075500158
1422.0,15.368441291144379
1423.0,15.368441046932503
1424.0,15.368441262502145
1425.0,15.368441018366838
1426.0,15.36844123336678
1427.0,15.368440988936172
1428.0,15.368441204302414
1429.0,15.368440959891316
1430.0,15.368441174470632
1431.0,15.368440930136984
1432.0,15.368441145682397
1433.0,15.36844090312313
1434.0,15.368441121673953
1435.0,15.368440882014909
1436.0,15.368441102532486
1437.0,15.368440863484182
1438.0,15.368441083204033
1439.0,15.368440842936323
1440.0,15.368441062007335
1441.0,15.368440820780478
1442.0,15.368441038917368
1443.0,15.368440797684727
1444.0,15.368441016369786
1445.0,15.368440777553843
1446.0,15.368440997989907
1447.0,15.368440759543248
1448.0,15.368440979955125
1449.0,15.3684407410489
1450.0,15.36844096082865
1451.0,15.368440719602972
1452.0,15.368440937916304
1453.0,15.36844069718488
1454.0,15.368440914903246
1455.0,15.368440674033238
1456.0,15.368440892433256
1457.0,15.36844065123448
1458.0,15.368440869776435
1459.0,15.368440629087274
1460.0,15.368440848318329
1461.0,15.368440607851582
1462.0,15.368440827375537
1463.0,15.368440587054394
1464.0,15.368440806184509
1465.0,15.368440566847582
1466.0,15.368440787138141
1467.0,15.368440548871064
1468.0,15.368440770775067
1469.0,15.368440533682204
1470.0,15.36844075541488
1471.0,15.368440517114507
1472.0,15.368440738715492
1473.0,15.368440502126319
1474.0,15.368440725303387
1475.0,15.36844049010071
1476.0,15.368440714598563
1477.0,15.368440479331369
1478.0,15.36844070329009
1479.0,15.36844046854938
1480.0,15.368440692967809
1481.0,15.368440457555337
1482.0,15.36844068108175
1483.0,15.368440444996551
1484.0,15.368440667448425
1485.0,15.368440431429661
1486.0,15.368440654553865
1487.0,15.368440418051335
1488.0,15.368440640713374
1489.0,15.368440404247096
1490.0,15.368440627880133
1491.0,15.368440391528864
1492.0,15.368440614836459
1493.0,15.368440378789671
1494.0,15.368440602491773
1495.0,15.368440367319693
1496.0,15.36844059119042
1497.0,15.36844035513272
1498.0,15.368440578598992
1499.0,15.368440342016427
1500.0,15.368440565420613
1501.0,15.368440329878055
1502.0,15.36844055363288
1503.0,15.368440318706732
1504.0,15.368440542510314
1505.0,15.368440307467338
1506.0,15.368440531904113
1507.0,15.368440296296413
1508.0,15.368440519777778
1509.0,15.368440284438577
1510.0,15.368440508803744
1511.0,15.36844027468183
1512.0,15.368440500430964
1513.0,15.368440267273314
1514.0,15.368440493249636
1515.0,15.368440260030553
1516.0,15.368440485136801
1517.0,15.368440251141394
1518.0,15.368440476916845
1519.0,15.36844024181707
1520.0,15.368440465942172
1521.0,15.368440230281976
1522.0,15.368440454223943
1523.0,15.368440219421942
1524.0,15.368440444172663
1525.0,15.368440210139468
1526.0,15.368440436015064
1527.0,15.368440203162493
1528.0,15.368440428149981
1529.0,15.368440192705648
1530.0,15.368440417343805
1531.0,15.368440183076089
1532.0,15.3684404090709
1533.0,15.368440176649898
1534.0,15.368440405138301
1535.0,15.368440173266677
1536.0,15.368440400141694
1537.0,15.36844016759062
1538.0,15.368440393586766
1539.0,15.368440159286891
1540.0,15.368440383776672
1541.0,15.368440149236562
1542.0,15.368440375324866
1543.0,15.368440143426952
1544.0,15.368440370518869
1545.0,15.368440137640704
1546.0,15.36844036400403
1547.0,15.368440130650953
1548.0,15.368440356473613
1549.0,15.368440124077338
1550.0,15.368440350549932
1551.0,15.36844011776384
1552.0,15.368440343754472
1553.0,15.368440110769242
1554.0,15.368440337762706
1555.0,15.368440105996072
1556.0,15.368440333218004
1557.0,15.3684401012856
1558.0,15.368440328999299
1559.0,15.368440097627825
1560.0,15.368440325352154
1561.0,15.368440092414545
1562.0,15.368440319420216
1563.0,15.368440086344705
1564.0,15.368440313724818
1565.0,15.368440082017585
1566.0,15.368440310072032
1567.0,15.368440078521274
1568.0,15.368440305955403
1569.0,15.368440073951305
1570.0,15.3684403010828
1571.0,15.368440068467919
1572.0,15.368440294401523
1573.0,15.368440061042335
1574.0,15.368440287626072
1575.0,15.36844005531475
1576.0,15.368440281708416
1577.0,15.368440048806704
1578.0,15.368440276527338
1579.0,15.368440044481531
1580.0,15.368440271616805
1581.0,15.368440037810402
1582.0,15.368440263491323
1583.0,15.368440029741805
1584.0,15.368440255778737
1585.0,15.368440022942906
1586.0,15.368440250274233
1587.0,15.368440018468633
1588.0,15.368440246672648
1589.0,15.36844001421403
1590.0,15.368440240426821
1591.0,15.368440007771923
1592.0,15.368440234806926
1593.0,15.368440002987867
1594.0,15.368440231410801
1595.0,15.368440000497998
1596.0,15.368440228737711
1597.0,15.36843999767217
1598.0,15.368440225760594
1599.0,15.368439993016153
1600.0,15.368440219305086
1601.0,15.368439986372849
1602.0,15.368440212640678
1603.0,15.368439980695811
1604.0,15.368440207760429
1605.0,15.368439976267268
1606.0,15.368440204417055
1607.0,15.36843997335609
1608.0,15.36844020190918
1609.0,15.36843997136448
1610.0,15.368440199582452
1611.0,15.368439968771114
1612.0,15.368440195899922
1613.0,15.368439964933074
1614.0,15.368440193411885
1615.0,15.368439961867182
1616.0,15.36844018955702
1617.0,15.3684399578283
1618.0,15.368440185972077
1619.0,15.368439954568274
1620.0,15.36844018295831
1621.0,15.36843995298338
1622.0,15.368440182760551
1623.0,15.368439953811645
1624.0,15.368440182422788
1625.0,15.368439951074947
1626.0,15.36844017916998
1627.0,15.3684399473956
1628.0,15.368440175370424
1629.0,15.368439943833579
1630.0,15.368440171656587
1631.0,15.368439940105063
1632.0,15.368440168494445
1633.0,15.368439938557017
1634.0,15.368440168262751
1635.0,15.368439938093033
1636.0,15.368440166244696
1637.0,15.368439935242193
1638.0,15.368440164716986
1639.0,15.368439935106636
1640.0,15.368440164477576
1641.0,15.368439934814205
1642.0,15.368440164006117
1643.0,15.368439933964225
1644.0,15.368440163119843
1645.0,15.368439932285241
1646.0,15.368440160530454
1647.0,15.368439929689345
1648.0,15.368440158664328
1649.0,15.36843992856707
1650.0,15.36844015776677
1651.0,15.368439928515556
1652.0,15.368440157618267
1653.0,15.368439927830309
1654.0,15.368440157121697
1655.0,15.368439925809056
1656.0,15.368440153630544
1657.0,15.368439922681361
1658.0,15.368440150692393
1659.0,15.368439919560501
1660.0,15.36844014835603
1661.0,15.368439917226823
1662.0,15.368440146133509
1663.0,15.368439916197005
1664.0,15.368440146140202
1665.0,15.368439917517549
1666.0,15.368440148172837
1667.0,15.368439918308042
1668.0,15.368440147498106
1669.0,15.368439916626926
1670.0,15.368440145059253
1671.0,15.368439913869764
1672.0,15.368440141088541
1673.0,15.368439910521488
1674.0,15.36844013954557
1675.0,15.368439909642959
1676.0,15.3684401383845
1677.0,15.36843990762874
1678.0,15.368440136301416
1679.0,15.368439905830613
1680.0,15.368440134267274
1681.0,15.368439903919636
1682.0,15.36844013348093
1683.0,15.36843990369546
1684.0,15.368440132904865
1685.0,15.368439901441192
1686.0,15.36844012986532
1687.0,15.368439898869738
1688.0,15.368440126711846
1689.0,15.368439896219087
1690.0,15.368440125529034
1691.0,15.368439896658202
1692.0,15.368440126786695
1693.0,15.368439897883249
1694.0,15.368440127762312
1695.0,15.368439897342824
1696.0,15.368440126386986
1697.0,15.368439896293538
1698.0,15.368440125109416
1699.0,15.368439893588004
1700.0,15.368440121694078
1701.0,15.36843989197132
1702.0,15.368440121266914
1703.0,15.36843989144586
1704.0,15.368440120919544
1705.0,15.368439892126474
1706.0,15.368440122216327
1707.0,15.368439892559323
1708.0,15.368440120848135
1709.0,15.368439890455804
1710.0,15.368440119302235
1711.0,15.36843988845986
1712.0,15.368440116964422
1713.0,15.368439886248467
1714.0,15.36844011530647
1715.0,15.368439885191393
1716.0,15.368440114721196
1717.0,15.368439883738418
1718.0,15.368440112128312
1719.0,15.368439881561457
1720.0,15.368440109774753
1721.0,15.368439878112852
1722.0,15.368440106400698
1723.0,15.368439876233424
1724.0,15.36844010492895
1725.0,15.368439875128473
1726.0,15.368440103924016
1727.0,15.368439872929926
1728.0,15.368440100892585
1729.0,15.368439870476635
1730.0,15.368440099461665
1731.0,15.368439867911135
1732.0,15.368440096014837
1733.0,15.368439864921939
1734.0,15.36844009323508
1735.0,15.368439863122887
1736.0,15.368440093226084
1737.0,15.368439863566167
1738.0,15.368440094071133
1739.0,15.368439865965868
1740.0,15.368440096535153
1741.0,15.368439868502534
1742.0,15.368440098283557
1743.0,15.368439867589089
1744.0,15.368440096088847
1745.0,15.368439865853432
1746.0,15.368440095105257
1747.0,15.368439865786172
1748.0,15.368440096666134
1749.0,15.368439866941799
1750.0,15.368440097431773
1751.0,15.36843986788827
1752.0,15.368440097889817
1753.0,15.368439867100562
1754.0,15.368440095651223
1755.0,15.368439864037697
1756.0,15.368440092002032
1757.0,15.368439861109024
1758.0,15.368440088768523
1759.0,15.368439857619961
1760.0,15.36844008732534
1761.0,15.368439858419336
1762.0,15.368440088736918
1763.0,15.36843985881093
1764.0,15.368440087773891
1765.0,15.36843985757794
1766.0,15.368440087204917
1767.0,15.368439857908612
1768.0,15.368440087829399
1769.0,15.368439859378029
1770.0,15.368440090111122
1771.0,15.368439861962273
1772.0,15.368440093264937
1773.0,15.3684398657863
1774.0,15.368440097215
1775.0,15.368439867967979
1776.0,15.368440096929731
1777.0,15.368439866307057
1778.0,15.368440095867953
1779.0,15.36843986645809
1780.0,15.368440096538237
1781.0,15.368439867254352
1782.0,15.368440097719443
1783.0,15.368439868796699
1784.0,15.368440098391105
1785.0,15.368439867831242
1786.0,15.368440096662198
1787.0,15.368439866394837
1788.0,15.368440095413789
1789.0,15.368439865442113
1790.0,15.368440095261988
1791.0,15.36843986477561
1792.0,15.36844009306779
1793.0,15.368439862036567
1794.0,15.368440091841677
1795.0,15.368439862525264
1796.0,15.368440093252062
1797.0,15.368439864130679
1798.0,15.368440094521148
1799.0,15.368439865891176
1800.0,15.368440096944212
1801.0,15.368439868328835
1802.0,15.368440098617796
1803.0,15.36843986809103
1804.0,15.368440096610698
1805.0,15.368439865760848
1806.0,15.3684400941261
1807.0,15.368439864378416
1808.0,15.368440093976616
1809.0,15.3684398648641
1810.0,15.368440095311684
1811.0,15.368439864698672
1812.0,15.36844009299601
1813.0,15.368439862696889
1814.0,15.368440090680224
1815.0,15.368439859212273
1816.0,15.368440087112205
1817.0,15.368439856999473
1818.0,15.368440086059508
1819.0,15.368439856528852
1820.0,15.368440086389242
1821.0,15.368439857446447
1822.0,15.368440086338993
1823.0,15.368439855479181
1824.0,15.368440084184883
1825.0,15.368439854734973
1826.0,15.368440084118618
1827.0,15.368439853837359
1828.0,15.368440083048228
1829.0,15.368439854113632
1830.0,15.368440084067132
1831.0,15.368439854561359
1832.0,15.368440084667341
1833.0,15.368439855571197
1834.0,15.368440084113942
1835.0,15.368439853221972
1836.0,15.368440081234226
1837.0,15.368439849971367
1838.0,15.368440078681445
1839.0,15.368439848669851
1840.0,15.368440077983834
1841.0,15.36843984841498
1842.0,15.368440077844994
1843.0,15.368439848450706
1844.0,15.368440078414096
1845.0,15.368439849222227
1846.0,15.368440078777823
1847.0,15.36843984897142
1848.0,15.368440078535357
1849.0,15.368439847449707
1850.0,15.36844007615602
1851.0,15.368439846057697
1852.0,15.368440076221574
1853.0,15.368439847888268
1854.0,15.368440078301063
1855.0,15.36843984945881
1856.0,15.368440080316176
1857.0,15.368439850661744
1858.0,15.36844008059009
1859.0,15.368439851126354
1860.0,15.368440080367677
1861.0,15.368439849180092
1862.0,15.368440077482916
1863.0,15.368439847067961
1864.0,15.368440076883758
1865.0,15.3684398468437
1866.0,15.36844007713421
1867.0,15.368439847710434
1868.0,15.36844007778511
1869.0,15.368439848308697
1870.0,15.368440077779795
1871.0,15.368439848553464
1872.0,15.368440079203737
1873.0,15.368439850204936
1874.0,15.3684400803633
1875.0,15.368439850454436
1876.0,15.368440080268755
1877.0,15.368439849083884
1878.0,15.36844007739289
1879.0,15.368439847337328
1880.0,15.368440076163566
1881.0,15.368439845569043
1882.0,15.368440074433522
1883.0,15.368439845516662
1884.0,15.368440076209296
1885.0,15.368439847299356
1886.0,15.368440077718645
1887.0,15.3684398484112
1888.0,15.368440078040194
1889.0,15.368439847097733
1890.0,15.368440075947092
1891.0,15.368439845370958
1892.0,15.368440073758777
1893.0,15.368439842945108
1894.0,15.368440071790644
1895.0,15.368439842569984
1896.0,15.368440073057599
1897.0,15.368439843837848
1898.0,15.368440071893517
1899.0,15.368439840185573
1900.0,15.368440068222256
1901.0,15.368439837060677
1902.0,15.368440065063965
1903.0,15.368439833497618
1904.0,15.368440062012752
1905.0,15.368439832234799
1906.0,15.368440061584081
1907.0,15.368439831235364
1908.0,15.368440061077465
1909.0,15.368439831419678
1910.0,15.368440060682673
1911.0,15.368439831212655
1912.0,15.368440061013573
1913.0,15.368439832497472
1914.0,15.368440063443558
1915.0,15.368439834736293
1916.0,15.368440065721458
1917.0,15.368439836244548
1918.0,15.368440065135076
1919.0,15.368439834713882
1920.0,15.368440063449611
1921.0,15.368439833178115
1922.0,15.368440063221954
1923.0,15.368439833136577
1924.0,15.368440062735104
1925.0,15.36843983320712
1926.0,15.368440063481103
1927.0,15.368439834740059
1928.0,15.368440065693932
1929.0,15.36843983772296
1930.0,15.368440067742213
1931.0,15.368439838152739
1932.0,15.36844006763232
1933.0,15.368439838782734
1934.0,15.368440068242961
1935.0,15.368439837815728
1936.0,15.368440066670487
1937.0,15.368439835661164
1938.0,15.368440064517145
1939.0,15.368439835064066
1940.0,15.36844006368753
1941.0,15.368439832389
1942.0,15.368440060325497
1943.0,15.368439829655813
1944.0,15.368440058512263
1945.0,15.368439828788993
1946.0,15.368440058837734
1947.0,15.368439830060908
1948.0,15.368440061230373
1949.0,15.368439832990717
1950.0,15.368440064199206
1951.0,15.368439835079712
1952.0,15.368440065860142
1953.0,15.36843983662206
1954.0,15.368440066812184
1955.0,15.368439837179537
1956.0,15.368440067142359
1957.0,15.368439837642327
1958.0,15.368440066992505
1959.0,15.368439838022226
1960.0,15.368440068233284
1961.0,15.368439838570723
1962.0,15.36844006867318
1963.0,15.368439840293362
1964.0,15.368440070271888
1965.0,15.368439841293181
1966.0,15.368440071099258
1967.0,15.368439841771632
1968.0,15.36844007198151
1969.0,15.368439842907705
1970.0,15.36844007255776
1971.0,15.368439843199837
1972.0,15.368440073769875
1973.0,15.36843984533266
1974.0,15.368440075466523
1975.0,15.36843984495303
1976.0,15.36844007364462
1977.0,15.368439844049064
1978.0,15.368440073885779
1979.0,15.368439845774532
1980.0,15.368440076761743
1981.0,15.368439847937339
1982.0,15.368440079073466
1983.0,15.368439850559241
1984.0,15.36844008110154
1985.0,15.368439852892124
1986.0,15.368440084031477
1987.0,15.368439856308726
1988.0,15.36844008702036
1989.0,15.368439857411289
1990.0,15.368440086180286
1991.0,15.368439855991156
1992.0,15.368440084936609
1993.0,15.36843985546274
1994.0,15.368440085093198
1995.0,15.368439856315277
1996.0,15.368440086015752
1997.0,15.368439855346452
1998.0,15.368440083911452
1999.0,15.36843985417461
2000.0,15.368440083270627
