"Iteration","Drag Coefficient Monitor: Drag Coefficient Monitor"
1.0,8.417598319576081
2.0,5.412155745127975
3.0,3.4208798356099317
4.0,2.1422698388514942
5.0,1.3190720338711044
6.0,0.8015155286110053
7.0,0.48442735249205343
8.0,0.3017009742110118
9.0,0.2140382987833705
10.0,0.17507748064975565
11.0,0.15470764019054095
12.0,0.13914716192148788
13.0,0.12651836698324234
14.0,0.11585804002163584
15.0,0.10740699797467651
16.0,0.09954492839834894
17.0,0.09374184702647953
18.0,0.08733841874899614
19.0,0.08142999127719829
20.0,0.07579597830435432
21.0,0.07042801856733893
22.0,0.06540246350020894
23.0,0.06082208498170622
24.0,0.05673078163426033
25.0,0.053023865378975216
26.0,0.04990727263752845
27.0,0.04723129099862455
28.0,0.044908921505985695
29.0,0.04290408985875432
30.0,0.04116350750483134
31.0,0.039607552790515185
32.0,0.03817515546050029
33.0,0.03686774155581949
34.0,0.03567799003426178
35.0,0.03456153978000309
36.0,0.03353213505468345
37.0,0.03255686593358036
38.0,0.03165110853804683
39.0,0.03082173543926929
40.0,0.029981075683171578
41.0,0.029207987884315997
42.0,0.028524699476931183
43.0,0.027838998976666945
44.0,0.02719010488575036
45.0,0.026572913760263498
46.0,0.025998826447603
47.0,0.025459334068091918
48.0,0.024950448893329834
49.0,0.024470539544661357
50.0,0.024006621028022836
51.0,0.02356843220227139
52.0,0.023152587063471293
53.0,0.0227772363644868
54.0,0.022395489440461068
55.0,0.022031478941655358
56.0,0.021682422721954402
57.0,0.02136875351354031
58.0,0.02107683035238045
59.0,0.02080552475199506
60.0,0.020596399996203392
61.0,0.020321431626041345
62.0,0.02014088513652674
63.0,0.01992058595821039
64.0,0.019782031666878065
65.0,0.019616533691759537
66.0,0.01951112533748014
67.0,0.019410383587731256
68.0,0.019319862464353472
69.0,0.01925828292996282
70.0,0.019170980562508287
71.0,0.019131176582982683
72.0,0.0190872510612979
73.0,0.019057569199557495
74.0,0.019036538328906283
75.0,0.01901332003281065
76.0,0.018993424506983308
77.0,0.01897234722131491
78.0,0.01894771848152347
79.0,0.01892293909436789
80.0,0.018895205940055497
81.0,0.018864783709046547
82.0,0.018829279052346836
83.0,0.018792037128321483
84.0,0.01875008713412156
85.0,0.018704217439829935
86.0,0.01865615940795412
87.0,0.01859812336620345
88.0,0.01854442558447893
89.0,0.018477174040458847
90.0,0.018418235114207693
91.0,0.01834583762319944
92.0,0.01828240593172173
93.0,0.018207038580564223
94.0,0.018138886456289444
95.0,0.018063328955632146
96.0,0.01799837962100956
97.0,0.017923941920697836
98.0,0.017859895058917642
99.0,0.01779035605871107
100.0,0.017725217640183383
101.0,0.017661469702869106
102.0,0.017598834267131016
103.0,0.01753830522891402
104.0,0.017482901676589814
105.0,0.01742749766261126
106.0,0.017373264723081407
107.0,0.017321842490235873
108.0,0.017270602433813557
109.0,0.017224862812087023
110.0,0.017181495216188312
111.0,0.01713932461737013
112.0,0.017098232302770227
113.0,0.017058068203906613
114.0,0.01701878623202063
115.0,0.01698042835111382
116.0,0.016942909774863638
117.0,0.016906052007683806
118.0,0.016869681979582912
119.0,0.016833668102879958
120.0,0.01679789437149279
121.0,0.016762283316177913
122.0,0.016726779087933102
123.0,0.016691300783699195
124.0,0.016655742936048375
125.0,0.016620282474762466
126.0,0.01658476865827334
127.0,0.016549143125205116
128.0,0.016513422665594916
129.0,0.016477555270192755
130.0,0.016441582898279662
131.0,0.016405798247503975
132.0,0.016369721416459114
133.0,0.016333470951327846
134.0,0.01629744076550259
135.0,0.016261753859212455
136.0,0.016226208657227167
137.0,0.016190956479785478
138.0,0.016155789906328606
139.0,0.016120923033113077
140.0,0.01608650213074502
141.0,0.01605257815689337
142.0,0.01601925423760133
143.0,0.015986498781804748
144.0,0.015954385742566083
145.0,0.0159229910675195
146.0,0.015892450404173593
147.0,0.015862875809888495
148.0,0.015834128322867853
149.0,0.01580630270623723
150.0,0.01577946786930745
151.0,0.015753660193180443
152.0,0.015728895380524587
153.0,0.015705187465926914
154.0,0.01568254950052956
155.0,0.015660966190961124
156.0,0.015640428884190736
157.0,0.015620934787282542
158.0,0.015602456524018865
159.0,0.015584954979496779
160.0,0.015568408723968885
161.0,0.015552785791963009
162.0,0.015538051804141034
163.0,0.015524175827444165
164.0,0.015511091066815457
165.0,0.015498741818526925
166.0,0.015487076639727768
167.0,0.015476046661918541
168.0,0.01546559850091528
169.0,0.015455631363771894
170.0,0.015446126921367032
171.0,0.015437057486264286
172.0,0.015428409306289121
173.0,0.015419690876011237
174.0,0.01541231232823
175.0,0.015403844104023696
176.0,0.015396462012100078
177.0,0.01538904239064987
178.0,0.015381748893947179
179.0,0.015374633867951114
180.0,0.015367655902130748
181.0,0.01536076259989242
182.0,0.015354084958910065
183.0,0.015347275776752756
184.0,0.015340451685101288
185.0,0.015333668750260328
186.0,0.01532691211457742
187.0,0.01532020886706004
188.0,0.015313587905932029
189.0,0.01530693904486622
190.0,0.01530030161540668
191.0,0.015293684422695474
192.0,0.015287091824218781
193.0,0.015280527370071233
194.0,0.01527399482932798
195.0,0.015267498696425375
196.0,0.015261045569001284
197.0,0.015254639574938327
198.0,0.015248284405517993
199.0,0.015241984345742775
200.0,0.01523574421208043
201.0,0.015229566284015523
202.0,0.01522345522220543
203.0,0.01521740961524151
204.0,0.015211439864289255
205.0,0.015205486829507302
206.0,0.015199678148441276
207.0,0.01519395780204621
208.0,0.015188306135602521
209.0,0.015182722149639826
210.0,0.015177208271971086
211.0,0.015171765421047449
212.0,0.015166392819009313
213.0,0.015161088467918707
214.0,0.01515585012591502
215.0,0.015150677459223362
216.0,0.015145568736756721
217.0,0.015140522744139243
218.0,0.015135538778529542
219.0,0.015130615241067064
220.0,0.015125749914759262
221.0,0.01512094083487502
222.0,0.015116186046739685
223.0,0.015111483526759997
224.0,0.015106833034497872
225.0,0.015102230901907987
226.0,0.015097677032164473
227.0,0.015093167415726565
228.0,0.015088702386109753
229.0,0.01508428360240588
230.0,0.01507991197136636
231.0,0.015075586887978281
232.0,0.015071294708075968
233.0,0.015067067140361908
234.0,0.01506288655475283
235.0,0.015058749475864391
236.0,0.015054656751175432
237.0,0.015050610129784424
238.0,0.015046609257447378
239.0,0.01504265411296923
240.0,0.015038746802716451
241.0,0.015034889298152283
242.0,0.015031082444208685
243.0,0.015027326838970748
244.0,0.015023624869347094
245.0,0.015019976428873831
246.0,0.015016382717251878
247.0,0.015012844225091856
248.0,0.015009361979300433
249.0,0.015005935784655134
250.0,0.01500256557594174
251.0,0.014999251987173915
252.0,0.01499602705672165
253.0,0.01499278866349399
254.0,0.014989587827046963
255.0,0.014986519808198026
256.0,0.014983452950359868
257.0,0.014980543196749223
258.0,0.014977670044053587
259.0,0.014974818753904181
260.0,0.01497200844768795
261.0,0.014969251086893754
262.0,0.014966548543438624
263.0,0.014963899205484032
264.0,0.01496130090442263
265.0,0.014958756316856683
266.0,0.014956256860210102
267.0,0.014953801193824072
268.0,0.014951391617840773
269.0,0.014949024674648592
270.0,0.014946697828664939
271.0,0.014944409815109172
272.0,0.01494215980145739
273.0,0.014939946717892715
274.0,0.014937769268221683
275.0,0.014935626146221306
276.0,0.014933516025545452
277.0,0.01493143757400899
278.0,0.014929389620983707
279.0,0.014927371180351624
280.0,0.01492538123243407
281.0,0.014923418840458122
282.0,0.014921483086754266
283.0,0.014919573011694099
284.0,0.014917687752696435
285.0,0.01491582653370571
286.0,0.014913988659330546
287.0,0.014912173479319786
288.0,0.014910380438678903
289.0,0.01490860904606363
290.0,0.014906860660822002
291.0,0.014905129193111497
292.0,0.014903419782313456
293.0,0.014901731899135306
294.0,0.014900064192401832
295.0,0.01489841599712568
296.0,0.014896787080864806
297.0,0.014895181795615959
298.0,0.0148935911299725
299.0,0.014892017948229036
300.0,0.014890463994123177
301.0,0.01488892974817985
302.0,0.014887415016301387
303.0,0.014885919365080017
304.0,0.014884442412816714
305.0,0.014882983940771685
306.0,0.014881543865389714
307.0,0.01488012218835096
308.0,0.014878718656324747
309.0,0.014877333216558195
310.0,0.014875965743630988
311.0,0.014874616108653932
312.0,0.014873284173823845
313.0,0.014871969803759148
314.0,0.014870672852130095
315.0,0.014869393183727809
316.0,0.014868130684133162
317.0,0.0148668852276639
318.0,0.014865656686671794
319.0,0.01486444492400049
320.0,0.014863249772720924
321.0,0.01486207105875679
322.0,0.014860908608318315
323.0,0.014859762240077254
324.0,0.014858631775545627
325.0,0.014857517039981467
326.0,0.014856417846269131
327.0,0.014855334040886785
328.0,0.014854265455128761
329.0,0.01485321190695211
330.0,0.01485217324511237
331.0,0.014851149334466887
332.0,0.014850139993532999
333.0,0.014849145003572501
334.0,0.014848164172894534
335.0,0.01484719733761929
336.0,0.014846244341971836
337.0,0.014845305021528187
338.0,0.014844379217954005
339.0,0.01484346676843774
340.0,0.014842567528149983
341.0,0.014841681330806503
342.0,0.014840808021890353
343.0,0.014839947476013571
344.0,0.014839099520282287
345.0,0.014838263995373115
346.0,0.014837440703695774
347.0,0.014836629547166615
348.0,0.014835830521516323
349.0,0.014835043535255443
350.0,0.014834268448391497
351.0,0.014833505087892874
352.0,0.014832753297035596
353.0,0.01483201293539795
354.0,0.014831283839623725
355.0,0.014830565855058288
356.0,0.014829858823319823
357.0,0.01482916258193836
358.0,0.014828476965144381
359.0,0.014827801863523477
360.0,0.014827137083897437
361.0,0.014826482417763555
362.0,0.014825837759363351
363.0,0.014825203003468446
364.0,0.014824578030668337
365.0,0.014823962698121182
366.0,0.014823356849063628
367.0,0.014822760324058014
368.0,0.014822172956530022
369.0,0.014821594581530055
370.0,0.014821025046920422
371.0,0.01482046416810973
372.0,0.014819911771873345
373.0,0.014819367725597655
374.0,0.014818831891897545
375.0,0.014818304100647417
376.0,0.014817784245335294
377.0,0.014817272182957354
378.0,0.014816767817388807
379.0,0.014816271001308352
380.0,0.014815781574602472
381.0,0.01481529940401982
382.0,0.01481482437583658
383.0,0.01481435634107177
384.0,0.014813895185327811
385.0,0.014813440765504232
386.0,0.014812992950747072
387.0,0.014812551648319615
388.0,0.014812116777637913
389.0,0.014811688231731247
390.0,0.014811265912000202
391.0,0.014810849712205107
392.0,0.01481043960685231
393.0,0.01481003578310733
394.0,0.014809637489682103
395.0,0.01480924514066163
396.0,0.014808858504649908
397.0,0.014808477371758185
398.0,0.014808101603928776
399.0,0.014807731119430432
400.0,0.014807365861617943
401.0,0.014807005773465968
402.0,0.014806650806765725
403.0,0.014806300880706596
404.0,0.014805955950556206
405.0,0.014805615953447614
406.0,0.01480528082844314
407.0,0.014804950503134623
408.0,0.014804624911157332
409.0,0.014804303974345795
410.0,0.014803987627063949
411.0,0.01480367582775773
412.0,0.014803368485449076
413.0,0.014803065546065731
414.0,0.014802766970763584
415.0,0.014802472717928793
416.0,0.014802182737393647
417.0,0.014801896975775247
418.0,0.014801615367285146
419.0,0.01480133784774212
420.0,0.014801064354099698
421.0,0.01480079483110447
422.0,0.014800529226404234
423.0,0.014800267490446922
424.0,0.014800009572300469
425.0,0.014799755419707844
426.0,0.014799504978399361
427.0,0.014799258196090176
428.0,0.014799015022878427
429.0,0.0147987754121062
430.0,0.014798539315409849
431.0,0.014798306684154529
432.0,0.014798077471054256
433.0,0.014797851625281725
434.0,0.014797629093455215
435.0,0.014797409820654786
436.0,0.01479719374961881
437.0,0.014796980837123953
438.0,0.014796771046701143
439.0,0.014796564337800537
440.0,0.014796360667842498
441.0,0.014796159991051189
442.0,0.014795962261494947
443.0,0.014795767431889949
444.0,0.014795575459221529
445.0,0.014795386301291619
446.0,0.014795199915286657
447.0,0.014795016262426674
448.0,0.014794835303708615
449.0,0.01479466723760097
450.0,0.014794487613166015
451.0,0.014794310273339405
452.0,0.014794137470283393
453.0,0.014793968593331262
454.0,0.014793802818780259
455.0,0.01479363966307794
456.0,0.014793478921186118
457.0,0.014793320521410865
458.0,0.014793164427615494
459.0,0.014793010615609361
460.0,0.014792859061293916
461.0,0.01479270973446976
462.0,0.014792562606827458
463.0,0.014792417650506795
464.0,0.014792274836156475
465.0,0.014792134133736083
466.0,0.014791995511167154
467.0,0.014791858937331653
468.0,0.014791724381743412
469.0,0.014791591814485047
470.0,0.01479146120749408
471.0,0.014791332526233035
472.0,0.014791205737522762
473.0,0.014791080813564766
474.0,0.014790957726328885
475.0,0.01479083644745504
476.0,0.014790716951530272
477.0,0.01479059920936428
478.0,0.014790483196130468
479.0,0.014790368886054422
480.0,0.014790256252491701
481.0,0.0147901452720683
482.0,0.014790035918482923
483.0,0.014789928165949049
484.0,0.01478982199237464
485.0,0.01478971737201037
486.0,0.01478961428388907
487.0,0.014789512702337042
488.0,0.01478941260732121
489.0,0.014789313973688352
490.0,0.014789216782785624
491.0,0.0147891210106108
492.0,0.014789026636228863
493.0,0.01478893364044464
494.0,0.014788842001701925
495.0,0.014788751702238047
496.0,0.0147886627201655
497.0,0.014788575036633366
498.0,0.014788488631678932
499.0,0.014788403486446612
500.0,0.014788319579956754
501.0,0.014788236895175935
502.0,0.014788155414927208
503.0,0.014788075121738428
504.0,0.014787995999238378
505.0,0.014787918032510654
506.0,0.014787841202709153
507.0,0.01478776549417154
508.0,0.014787690890866534
509.0,0.01478761737570932
510.0,0.014787544934896762
511.0,0.014787473552377249
512.0,0.014787403210022159
513.0,0.014787333891707423
514.0,0.01478726558218953
515.0,0.014787198268148729
516.0,0.014787131935946225
517.0,0.014787066571672258
518.0,0.014787002160973827
519.0,0.014786938690144115
520.0,0.01478687614568624
521.0,0.014786814515740031
522.0,0.014786753785140303
523.0,0.014786693940668073
524.0,0.014786634968868978
525.0,0.014786576858008242
526.0,0.014786519594914576
527.0,0.014786463166724278
528.0,0.014786407561140105
529.0,0.014786352766819541
530.0,0.014786298773054813
531.0,0.014786245568148344
532.0,0.014786193138835082
533.0,0.014786141475146765
534.0,0.014786090566257539
535.0,0.014786040400103414
536.0,0.014785990967330997
537.0,0.014785942256345282
538.0,0.014785894257070269
539.0,0.014785846959693358
540.0,0.014785800353093705
541.0,0.014785754428210163
542.0,0.01478570917518218
543.0,0.014785664583435313
544.0,0.014785620641898495
545.0,0.014785577342240865
546.0,0.014785534676426815
547.0,0.014785492632981926
548.0,0.014785451204134742
549.0,0.01478541038239033
550.0,0.014785370264313879
551.0,0.014785330703576502
552.0,0.014785291642907678
553.0,0.014785253229620597
554.0,0.014785215337128357
555.0,0.014785177937659736
556.0,0.014785141179844115
557.0,0.014785104913543595
558.0,0.014785069127147287
559.0,0.014785033961962396
560.0,0.014784999267557632
561.0,0.014784965035075849
562.0,0.014784931406479
563.0,0.014784898230491159
564.0,0.014784865496986856
565.0,0.014784833344224467
566.0,0.014784801620945642
567.0,0.014784770315447747
568.0,0.01478473956637036
569.0,0.01478470922245087
570.0,0.014784679271774277
571.0,0.014784649854256248
572.0,0.014784620819532144
573.0,0.014784592153899018
574.0,0.01478456400145106
575.0,0.014784536214120651
576.0,0.014784508778119038
577.0,0.014784481838861874
578.0,0.014784455247437305
579.0,0.014784428991434433
580.0,0.014784403214519645
581.0,0.014784377767056312
582.0,0.014784352637355896
583.0,0.014784327969426593
584.0,0.014784303613786067
585.0,0.01478427956081994
586.0,0.01478425595535605
587.0,0.01478423265021998
588.0,0.014784209630029192
589.0,0.014784187042612005
590.0,0.014784164739936679
591.0,0.014784142706739447
592.0,0.014784121092005808
593.0,0.014784099748799344
594.0,0.014784078660414377
595.0,0.014784057975939343
596.0,0.014784037549147894
597.0,0.014784017365541502
598.0,0.014783997574297016
599.0,0.014783978029317189
600.0,0.014783958714056198
601.0,0.01478393977963418
602.0,0.01478392107893442
603.0,0.014783902595962298
604.0,0.014783884482517119
605.0,0.014783866588936592
606.0,0.01478384889968703
607.0,0.014783831569195115
608.0,0.014783814449646663
609.0,0.014783797522784692
610.0,0.014783780944656228
611.0,0.014783764566060313
612.0,0.014783748369314998
613.0,0.014783732510652176
614.0,0.014783716842910584
615.0,0.01478370134592585
616.0,0.014783686177297677
617.0,0.014783671188645405
618.0,0.014783656360554587
619.0,0.014783641852224545
620.0,0.014783627514850328
621.0,0.0147836133282265
622.0,0.014783599451842565
623.0,0.014783585735677392
624.0,0.01478357215938836
625.0,0.01478355888333801
626.0,0.014783545756661232
627.0,0.014783532760487418
628.0,0.014783520057012663
629.0,0.014783507497286774
630.0,0.014783495057851356
631.0,0.014783482901783072
632.0,0.014783470880651357
633.0,0.014783458973237903
634.0,0.01478344734489856
635.0,0.014783435845446656
636.0,0.014783424452201828
637.0,0.014783413329607097
638.0,0.01478340232768042
639.0,0.01478339142300929
640.0,0.014783380782298445
641.0,0.014783370254489881
642.0,0.014783359816631366
643.0,0.01478334963628995
644.0,0.01478333956301337
645.0,0.014783329573114167
646.0,0.014783319833502506
647.0,0.014783310193984826
648.0,0.014783300632192305
649.0,0.014783291315632307
650.0,0.014783282093548933
651.0,0.014783272940515858
652.0,0.014783264027018007
653.0,0.01478325520165701
654.0,0.014783246546974485
655.0,0.014783237980278906
656.0,0.01478322956279845
657.0,0.01478322122178154
658.0,0.014783213049724802
659.0,0.0147832049427023
660.0,0.014783197013422865
661.0,0.014783189137880707
662.0,0.014783181441081504
663.0,0.014783173793763498
664.0,0.014783166323911476
665.0,0.014783158903102873
666.0,0.014783151656232316
667.0,0.014783144456070452
668.0,0.014783137425698117
669.0,0.014783130438530674
670.0,0.014783123618109776
671.0,0.014783116837036196
672.0,0.01478311022037044
673.0,0.014783103638646251
674.0,0.014783097214816918
675.0,0.014783090823216811
676.0,0.014783084586192688
677.0,0.014783078377146049
678.0,0.014783072319752979
679.0,0.014783066287211634
680.0,0.014783060402123892
681.0,0.014783054539313226
682.0,0.014783048822022334
683.0,0.014783043125211314
684.0,0.014783037570880269
685.0,0.014783032035357016
686.0,0.014783026641322382
687.0,0.014783021263541295
688.0,0.014783016023318402
689.0,0.014783010798440611
690.0,0.014783005711731512
691.0,0.014783000636307848
692.0,0.01478299569543359
693.0,0.014782990765582437
694.0,0.014782985967760244
695.0,0.014782981179688917
696.0,0.014782976522006797
697.0,0.014782971871781344
698.0,0.014782967350594029
699.0,0.01478296283560789
700.0,0.014782958447594384
701.0,0.014782954063105529
702.0,0.014782949802984339
703.0,0.014782945542936875
704.0,0.01478294140564579
705.0,0.014782937267660792
706.0,0.014782933250543258
707.0,0.014782929230437992
708.0,0.014782925329916041
709.0,0.014782921424335436
710.0,0.014782917636033387
711.0,0.014782913842266732
712.0,0.014782910164953294
713.0,0.014782906479817693
714.0,0.014782902908620816
715.0,0.014782899328870504
716.0,0.014782895862480732
717.0,0.014782892386345628
718.0,0.01478288902117905
719.0,0.01478288564505507
720.0,0.014782882378161267
721.0,0.014782879100364509
722.0,0.014782875930140875
723.0,0.014782872746539897
724.0,0.014782869669966264
725.0,0.014782866578486242
726.0,0.01478286359191874
727.0,0.014782860590160027
728.0,0.014782857692836781
729.0,0.014782854778088838
730.0,0.01478285196821321
731.0,0.014782849139958705
732.0,0.01478284641180396
733.0,0.014782843663174535
734.0,0.014782841014923453
735.0,0.014782838344173958
736.0,0.014782835771908635
737.0,0.014782833176360576
738.0,0.014782830678669685
739.0,0.014782828157158645
740.0,0.01478282573359821
741.0,0.014782823287062683
742.0,0.014782820936327925
743.0,0.014782818561209398
744.0,0.014782816278657464
745.0,0.014782813971604023
746.0,0.01478281175807352
747.0,0.014782809517984764
748.0,0.014782807368752622
749.0,0.014782805192873038
750.0,0.0147828031065666
751.0,0.014782800992191819
752.0,0.014782798967181491
753.0,0.01478279691249787
754.0,0.01478279494623598
755.0,0.014782792949995262
756.0,0.014782791039149134
757.0,0.014782789099035054
758.0,0.014782787243663338
759.0,0.01478278535883315
760.0,0.014782783557897793
761.0,0.014782781727899503
762.0,0.014782779979097611
763.0,0.014782778199400394
764.0,0.014782776501369934
765.0,0.014782774774518132
766.0,0.014782773127012847
767.0,0.01478277144876742
768.0,0.014782769849095111
769.0,0.014782768216867997
770.0,0.014782766662162218
771.0,0.014782765077364894
772.0,0.014782763568439385
773.0,0.014782762029587941
774.0,0.014782760564399722
775.0,0.014782759068349562
776.0,0.014782757646434292
777.0,0.014782756194535202
778.0,0.014782754902047921
779.0,0.014782753394538415
780.0,0.014782752089817811
781.0,0.014782750813624934
782.0,0.014782749364023554
783.0,0.01478274807922366
784.0,0.014782746903048595
785.0,0.01478274550612313
786.0,0.01478274438401008
787.0,0.014782743034929708
788.0,0.01478274194485648
789.0,0.014782740625473035
790.0,0.01478273956587797
791.0,0.014782738283546298
792.0,0.014782737256605996
793.0,0.014782736010619173
794.0,0.014782735015580023
795.0,0.014782733804770938
796.0,0.014782732839088535
797.0,0.01478273166270499
798.0,0.014782730726986243
799.0,0.014782729584652633
800.0,0.014782728678315676
801.0,0.014782727569570704
802.0,0.014782726691657795
803.0,0.014782725615842256
804.0,0.014782724764104369
805.0,0.014782723718806104
806.0,0.014782722892568786
807.0,0.014782721877357047
808.0,0.014782721076684548
809.0,0.014782720090922326
810.0,0.014782719314784667
811.0,0.014782718355875578
812.0,0.014782717602573575
813.0,0.014782716669969838
814.0,0.014782715938738648
815.0,0.014782715033411225
816.0,0.0147827143247299
817.0,0.014782713444792008
818.0,0.01478271275738579
819.0,0.014782711961643736
820.0,0.01478271115374806
821.0,0.014782710487003253
822.0,0.014782709724145346
823.0,0.014782708947077802
824.0,0.014782708325003668
825.0,0.014782707589878485
826.0,0.014782706887835569
827.0,0.014782706162541443
828.0,0.014782705573808189
829.0,0.014782704876970173
830.0,0.014782704210318067
831.0,0.01478270357680951
832.0,0.014782702946905922
833.0,0.01478270233124974
834.0,0.014782701710812779
835.0,0.014782701110124875
836.0,0.014782700505159934
837.0,0.01478269992447346
838.0,0.01478269933753756
839.0,0.014782698776859827
840.0,0.014782698206476333
841.0,0.014782697663382931
842.0,0.014782697109059651
843.0,0.014782696582853666
844.0,0.01478269604370122
845.0,0.014782695531328249
846.0,0.014782695007883205
847.0,0.014782694510173378
848.0,0.014782694001075502
849.0,0.01478269351757863
850.0,0.014782693024202629
851.0,0.014782692553152878
852.0,0.014782692071651619
853.0,0.014782691613931902
854.0,0.014782691146422071
855.0,0.014782690702638492
856.0,0.01478269024828193
857.0,0.014782689816652967
858.0,0.014782689376020218
859.0,0.014782688957159668
860.0,0.01478268852837379
861.0,0.014782688121185108
862.0,0.014782687706395955
863.0,0.014782687312285986
864.0,0.01478268690967351
865.0,0.014782686526185944
866.0,0.014782686134747883
867.0,0.014782685761452715
868.0,0.014782685380795798
869.0,0.014782685017666075
870.0,0.014782684647874801
871.0,0.014782684295718513
872.0,0.014782683937377795
873.0,0.014782683597424682
874.0,0.014782683250917155
875.0,0.014782682992878849
876.0,0.014782682560097083
877.0,0.014782682325175012
878.0,0.014782681921009906
879.0,0.014782681692885501
880.0,0.014782681297983281
881.0,0.014782681075033832
882.0,0.01478268069398221
883.0,0.01478268047912409
884.0,0.014782680111456007
885.0,0.014782679903876106
886.0,0.014782679547982392
887.0,0.0147826793455027
888.0,0.0147826789968018
889.0,0.014782678798336227
890.0,0.014782678459556744
891.0,0.014782678266333968
892.0,0.01478267793523256
893.0,0.014782677746320567
894.0,0.01478267742434249
895.0,0.014782677240926627
896.0,0.014782676928491775
897.0,0.014782676750840662
898.0,0.01478267650951203
899.0,0.014782676198528305
900.0,0.01478267603565845
901.0,0.014782675816873918
902.0,0.014782675525933623
903.0,0.014782675369589196
904.0,0.01478267515102535
905.0,0.014782674921088083
906.0,0.014782674645008926
907.0,0.014782674501468147
908.0,0.014782674296929607
909.0,0.014782674077437606
910.0,0.014782673868290063
911.0,0.014782673667165978
912.0,0.01478267347609126
913.0,0.014782673284354987
914.0,0.014782673096960595
915.0,0.01478267290692685
916.0,0.014782672723383346
917.0,0.014782672537694873
918.0,0.01478267235904077
919.0,0.014782672179075102
920.0,0.014782672007197399
921.0,0.014782671832694444
922.0,0.014782671666639945
923.0,0.014782671497092755
924.0,0.014782671335380566
925.0,0.014782671171327222
926.0,0.014782671014473989
927.0,0.014782670853918734
928.0,0.014782670701619914
929.0,0.014782670546050399
930.0,0.014782670398533237
931.0,0.01478267024687057
932.0,0.014782670102397514
933.0,0.014782669952839727
934.0,0.014782669812517966
935.0,0.014782669667825429
936.0,0.014782669531564268
937.0,0.014782669390651048
938.0,0.014782669259968888
939.0,0.014782669124513363
940.0,0.01478266899728676
941.0,0.014782668863846696
942.0,0.014782668739075763
943.0,0.014782668609671592
944.0,0.014782668490047642
945.0,0.014782668364862661
946.0,0.014782668248517518
947.0,0.014782668126072323
948.0,0.014782668014044327
949.0,0.014782667895565739
950.0,0.014782667787226438
951.0,0.014782667672137697
952.0,0.014782667567444263
953.0,0.014782667456080364
954.0,0.014782667354287614
955.0,0.014782667245206632
956.0,0.01478266714737975
957.0,0.014782667042586881
958.0,0.014782666948666354
959.0,0.014782666847707918
960.0,0.014782666756701016
961.0,0.014782666658367166
962.0,0.01478266656997271
963.0,0.014782666473033957
964.0,0.014782666387010063
965.0,0.01478266629307632
966.0,0.014782666208771464
967.0,0.014782666116177168
968.0,0.01478266603400679
969.0,0.014782665944355046
970.0,0.01478266586580316
971.0,0.014782665778920593
972.0,0.014782665702964826
973.0,0.014782665618113085
974.0,0.014782665543925022
975.0,0.014782665460730817
976.0,0.014782665388304441
977.0,0.01478266530803296
978.0,0.014782665238244107
979.0,0.014782665160045448
980.0,0.014782665092741504
981.0,0.014782665016281185
982.0,0.014782664950538801
983.0,0.014782664876612457
984.0,0.014782664813499912
985.0,0.014782664741505327
986.0,0.01478266468041429
987.0,0.01478266461085968
988.0,0.014782664552325516
989.0,0.01478266448398519
990.0,0.014782664426095698
991.0,0.014782664359539085
992.0,0.014782664304663419
993.0,0.014782664239941868
994.0,0.014782664186063015
995.0,0.014782664122424342
996.0,0.014782664071442986
997.0,0.014782664011323582
998.0,0.01478266396263994
999.0,0.014782663904023522
1000.0,0.014782663856435991
1001.0,0.014782663798666619
1002.0,0.01478266375203809
1003.0,0.014782663695201684
1004.0,0.01478266365025387
1005.0,0.014782663595448275
1006.0,0.014782663551561095
1007.0,0.014782663497883972
1008.0,0.014782663456078838
1009.0,0.014782663403890142
1010.0,0.014782663363472986
1011.0,0.014782663311809208
1012.0,0.014782663271958187
1013.0,0.014782663220697
1014.0,0.014782663182056366
1015.0,0.014782663132712103
1016.0,0.014782663095069464
1017.0,0.014782663046766084
1018.0,0.01478266301077289
1019.0,0.014782662963750196
1020.0,0.014782662928652707
1021.0,0.014782662882291886
1022.0,0.014782662847426895
1023.0,0.014782662801715933
1024.0,0.014782662768549545
1025.0,0.014782662724334475
1026.0,0.014782662693120617
1027.0,0.014782662650818972
1028.0,0.014782662621478787
1029.0,0.014782662580809021
1030.0,0.014782662552411027
1031.0,0.014782662512785242
1032.0,0.014782662485512525
1033.0,0.014782662447007018
1034.0,0.01478266242017244
1035.0,0.014782662381728168
1036.0,0.014782662355881611
1037.0,0.014782662319075546
1038.0,0.014782662294038247
1039.0,0.014782662257075753
1040.0,0.014782662233469912
1041.0,0.01478266219788981
1042.0,0.014782662174331595
1043.0,0.014782662139122521
1044.0,0.014782662116816187
1045.0,0.014782662082440898
1046.0,0.014782662060023127
1047.0,0.014782662026085143
1048.0,0.014782662005260454
1049.0,0.014782661972823585
1050.0,0.014782661953101614
1051.0,0.014782661921295778
1052.0,0.014782661901296328
1053.0,0.014782661870467667
1054.0,0.014782661852271091
1055.0,0.014782661821951057
1056.0,0.014782661805296275
1057.0,0.014782661776613226
1058.0,0.01478266175971128
1059.0,0.014782661731312393
1060.0,0.014782661715044089
1061.0,0.014782661687671065
1062.0,0.014782661673177077
1063.0,0.014782661646442296
1064.0,0.014782661632252076
1065.0,0.014782661605470546
1066.0,0.014782661591221193
1067.0,0.014782661564993468
1068.0,0.014782661551694177
1069.0,0.01478266152642073
1070.0,0.014782661513644546
1071.0,0.014782661489346418
1072.0,0.014782661477971953
1073.0,0.014782661455007801
1074.0,0.014782661444957225
1075.0,0.014782661422034674
1076.0,0.014782661411630073
1077.0,0.01478266138880357
1078.0,0.014782661379271146
1079.0,0.014782661356514199
1080.0,0.01478266134670018
1081.0,0.01478266132498432
1082.0,0.014782661314992701
1083.0,0.014782661293093918
1084.0,0.01478266128421759
1085.0,0.01478266126297031
1086.0,0.014782661254537217
1087.0,0.014782661233458921
1088.0,0.01478266122457013
1089.0,0.014782661203509732
1090.0,0.014782661195131911
1091.0,0.014782661174493826
1092.0,0.014782661166558965
1093.0,0.014782661146388794
1094.0,0.014782661138514532
1095.0,0.014782661118321445
1096.0,0.014782661111380642
1097.0,0.014782661092188608
1098.0,0.014782661086133424
1099.0,0.01478266106701919
1100.0,0.014782661060850091
1101.0,0.014782661042159556
1102.0,0.014782661036272562
1103.0,0.014782661018341279
1104.0,0.014782661013546017
1105.0,0.014782660996164786
1106.0,0.014782660990785838
1107.0,0.014782660972692775
1108.0,0.01478266096736803
1109.0,0.014782660949471066
1110.0,0.014782660944560771
1111.0,0.014782660927258317
1112.0,0.014782660922914942
1113.0,0.014782660906331001
1114.0,0.014782660903502338
1115.0,0.014782660887597884
1116.0,0.014782660884292757
1117.0,0.01478266086922047
1118.0,0.01478266086614206
1119.0,0.01478266085138641
1120.0,0.014782660849191146
1121.0,0.014782660834660271
1122.0,0.014782660832901051
1123.0,0.01478266081854275
1124.0,0.014782660816258529
1125.0,0.014782660801127924
1126.0,0.014782660798269832
1127.0,0.014782660783038436
1128.0,0.014782660781760212
1129.0,0.014782660768340604
1130.0,0.014782660767819441
1131.0,0.014782660754509203
1132.0,0.014782660753708213
1133.0,0.014782660739300369
1134.0,0.014782660737131663
1135.0,0.014782660723616408
1136.0,0.014782660723280515
1137.0,0.01478266070967501
1138.0,0.01478266070815515
1139.0,0.014782660693599677
1140.0,0.014782660691430879
1141.0,0.014782660676311793
1142.0,0.014782660674976748
1143.0,0.014782660661491871
1144.0,0.014782660661267348
1145.0,0.014782660647528633
1146.0,0.014782660646698576
1147.0,0.014782660632864627
1148.0,0.014782660631666793
1149.0,0.014782660617518607
1150.0,0.014782660617221504
1151.0,0.014782660604875
1152.0,0.014782660605012715
1153.0,0.014782660592869633
1154.0,0.014782660592636962
1155.0,0.014782660580690958
1156.0,0.01478266058131147
1157.0,0.014782660569487622
1158.0,0.014782660570620046
1159.0,0.014782660559112015
1160.0,0.014782660560359609
1161.0,0.01478266054926619
1162.0,0.014782660550685974
1163.0,0.014782660539113757
1164.0,0.014782660540593844
1165.0,0.014782660529740694
1166.0,0.014782660532087065
1167.0,0.014782660522109815
1168.0,0.014782660524812925
1169.0,0.014782660513736874
1170.0,0.01478266051492533
1171.0,0.014782660504500682
1172.0,0.014782660506686494
1173.0,0.0147826604956841
1174.0,0.014782660497135926
1175.0,0.014782660486083777
1176.0,0.014782660487954628
1177.0,0.014782660478041854
1178.0,0.014782660480190989
1179.0,0.014782660470532111
1180.0,0.014782660472712084
1181.0,0.014782660461897116
1182.0,0.014782660463354655
1183.0,0.014782660452215848
1184.0,0.014782660454141698
1185.0,0.014782660443816778
1186.0,0.014782660446045263
1187.0,0.014782660435531553
1188.0,0.014782660437814513
1189.0,0.014782660428174055
1190.0,0.014782660430741378
1191.0,0.014782660421155162
1192.0,0.014782660423996473
1193.0,0.0147826604145736
1194.0,0.014782660417714628
1195.0,0.014782660408208494
1196.0,0.014782660411124318
1197.0,0.01478266040047904
1198.0,0.014782660403399747
1199.0,0.014782660393893785
1200.0,0.014782660396760633
1201.0,0.014782660386818127
1202.0,0.01478266039034373
1203.0,0.014782660381671288
1204.0,0.014782660385712122
1205.0,0.014782660376836681
1206.0,0.014782660380357422
1207.0,0.014782660371699433
1208.0,0.014782660376425614
1209.0,0.0147826603683742
1210.0,0.014782660372391423
1211.0,0.014782660363449865
1212.0,0.014782660367430044
1213.0,0.014782660358886618
1214.0,0.014782660362510209
1215.0,0.014782660353925926
1216.0,0.014782660357912744
1217.0,0.014782660349585865
1218.0,0.014782660354324427
1219.0,0.014782660346490022
1220.0,0.014782660351312633
1221.0,0.014782660343776462
1222.0,0.014782660348008354
1223.0,0.01478266033956222
1224.0,0.01478266034361257
1225.0,0.014782660334930756
1226.0,0.014782660338760936
1227.0,0.014782660330762185
1228.0,0.014782660335478806
1229.0,0.014782660328113005
1230.0,0.014782660332781276
1231.0,0.014782660324908952
1232.0,0.014782660328994692
1233.0,0.01478266032122311
1234.0,0.01478266032620241
1235.0,0.014782660317977056
1236.0,0.014782660321772164
1237.0,0.014782660313720565
1238.0,0.014782660318202526
1239.0,0.01478266030987932
1240.0,0.01478266031464427
1241.0,0.014782660306311146
1242.0,0.014782660309869085
1243.0,0.014782660301076531
1244.0,0.014782660305858522
1245.0,0.014782660297826312
1246.0,0.014782660301956338
1247.0,0.014782660293792906
1248.0,0.014782660298691845
1249.0,0.014782660291043345
1250.0,0.014782660296402093
1251.0,0.014782660289220479
1252.0,0.014782660294453335
1253.0,0.014782660286467433
1254.0,0.01478266029096735
1255.0,0.01478266028274206
1256.0,0.01478266028682966
1257.0,0.014782660278863552
1258.0,0.014782660283306036
1259.0,0.01478266027731938
1260.0,0.014782660285390395
1261.0,0.014782660278424549
1262.0,0.014782660281949847
1263.0,0.014782660271621994
1264.0,0.01478266027430025
1265.0,0.01478266026440545
1266.0,0.014782660268087859
1267.0,0.014782660259833963
1268.0,0.014782660266123246
1269.0,0.014782660260043405
1270.0,0.014782660266936828
1271.0,0.01478266026057772
1272.0,0.014782660267712067
1273.0,0.01478266026146147
1274.0,0.014782660267466007
1275.0,0.01478266025999509
1276.0,0.014782660265257043
1277.0,0.014782660257560606
1278.0,0.014782660263068877
1279.0,0.014782660255395865
1280.0,0.014782660261001486
1281.0,0.014782660254174441
1282.0,0.014782660260476482
1283.0,0.01478266025394757
1284.0,0.014782660260558553
1285.0,0.014782660253940283
1286.0,0.014782660260482005
1287.0,0.014782660253984928
1288.0,0.014782660260306137
1289.0,0.014782660253323514
1290.0,0.014782660258701927
1291.0,0.014782660251064079
1292.0,0.014782660256378782
1293.0,0.014782660248669451
1294.0,0.014782660253660316
1295.0,0.01478266024630937
1296.0,0.014782660252416457
1297.0,0.014782660245284322
1298.0,0.014782660250967044
1299.0,0.014782660243880837
1300.0,0.014782660249859811
1301.0,0.01478266024317467
1302.0,0.014782660250006116
1303.0,0.014782660244100163
1304.0,0.014782660250839833
1305.0,0.01478266024422892
1306.0,0.014782660250031695
1307.0,0.014782660242357295
1308.0,0.014782660248023915
1309.0,0.014782660240688627
1310.0,0.014782660246264527
1311.0,0.014782660238990105
1312.0,0.014782660245276108
1313.0,0.014782660238258173
1314.0,0.014782660244262122
1315.0,0.014782660237077284
1316.0,0.014782660243432296
1317.0,0.014782660236914675
1318.0,0.014782660243194435
1319.0,0.014782660236290665
1320.0,0.014782660242530892
1321.0,0.014782660235847749
1322.0,0.01478266024203798
1323.0,0.014782660235223233
1324.0,0.01478266024125198
1325.0,0.014782660234214458
1326.0,0.014782660240417607
1327.0,0.014782660233427333
1328.0,0.014782660239820639
1329.0,0.014782660233439441
1330.0,0.014782660239922984
1331.0,0.014782660232624551
1332.0,0.01478266023812926
1333.0,0.014782660230731413
1334.0,0.01478266023605259
1335.0,0.014782660228618133
1336.0,0.014782660234059091
1337.0,0.01478266022676302
1338.0,0.014782660232655752
1339.0,0.014782660225597365
1340.0,0.014782660231376461
1341.0,0.01478266022501643
1342.0,0.014782660231198735
1343.0,0.014782660224099003
1344.0,0.014782660229547736
1345.0,0.014782660222743268
1346.0,0.014782660228286486
1347.0,0.014782660220923297
1348.0,0.014782660226882237
1349.0,0.014782660219358328
1350.0,0.014782660224859735
1351.0,0.01478266021784305
1352.0,0.014782660224089762
1353.0,0.014782660217493786
1354.0,0.014782660223956363
1355.0,0.014782660216953174
1356.0,0.01478266022318237
1357.0,0.014782660216144513
1358.0,0.014782660221965234
1359.0,0.014782660214729376
1360.0,0.014782660220199398
1361.0,0.01478266021263971
1362.0,0.014782660218296113
1363.0,0.014782660211205155
1364.0,0.014782660217245083
1365.0,0.014782660211010016
1366.0,0.014782660217904085
1367.0,0.014782660211833673
1368.0,0.01478266021801641
1369.0,0.014782660210748706
1370.0,0.014782660216668587
1371.0,0.014782660210063898
1372.0,0.014782660216434462
1373.0,0.014782660210011594
1374.0,0.014782660216092479
1375.0,0.01478266020934437
1376.0,0.014782660215559733
1377.0,0.014782660208342045
1378.0,0.014782660214273663
1379.0,0.014782660207811943
1380.0,0.014782660214415688
1381.0,0.014782660208015165
1382.0,0.014782660215173594
1383.0,0.014782660209251012
1384.0,0.01478266021641149
1385.0,0.014782660210247246
1386.0,0.014782660216297885
1387.0,0.014782660209351022
1388.0,0.014782660215331521
1389.0,0.014782660208238402
1390.0,0.014782660214101894
1391.0,0.0147826602071811
1392.0,0.014782660213890476
1393.0,0.014782660207682976
1394.0,0.014782660214303862
1395.0,0.014782660207974354
1396.0,0.014782660214571041
1397.0,0.014782660207624506
1398.0,0.014782660213176287
1399.0,0.014782660206377904
1400.0,0.014782660213030076
1401.0,0.014782660206482395
1402.0,0.014782660212676262
1403.0,0.014782660205829799
1404.0,0.014782660211815945
1405.0,0.014782660204177716
1406.0,0.014782660209084897
1407.0,0.014782660201555477
1408.0,0.014782660207432564
1409.0,0.014782660199856924
1410.0,0.014782660205067862
1411.0,0.014782660198114653
1412.0,0.01478266020448156
1413.0,0.014782660197307717
1414.0,0.01478266020349891
1415.0,0.014782660196102996
1416.0,0.014782660201638556
1417.0,0.014782660194720418
1418.0,0.01478266020100861
1419.0,0.01478266019392036
1420.0,0.01478266020018372
1421.0,0.014782660193213355
1422.0,0.014782660199924356
1423.0,0.014782660194228824
1424.0,0.014782660201042627
1425.0,0.014782660194590536
1426.0,0.014782660200897019
1427.0,0.014782660194300943
1428.0,0.01478266020043352
1429.0,0.01478266019375464
1430.0,0.014782660199957262
1431.0,0.014782660193521384
1432.0,0.014782660200152493
1433.0,0.01478266019382364
1434.0,0.014782660200143568
1435.0,0.014782660193316203
1436.0,0.014782660199296289
1437.0,0.014782660192649547
1438.0,0.014782660199050111
1439.0,0.014782660192291132
1440.0,0.014782660198087985
1441.0,0.01478266019171059
1442.0,0.014782660198241152
1443.0,0.014782660191727175
1444.0,0.014782660197665366
1445.0,0.01478266019096391
1446.0,0.014782660196814687
1447.0,0.014782660189592933
1448.0,0.014782660195443177
1449.0,0.014782660188388783
1450.0,0.014782660194459913
1451.0,0.014782660188230354
1452.0,0.01478266019548784
1453.0,0.01478266019006061
1454.0,0.014782660197758524
1455.0,0.01478266019229232
1456.0,0.014782660199663695
1457.0,0.014782660193664593
1458.0,0.014782660199904565
1459.0,0.014782660193267705
1460.0,0.014782660199466323
1461.0,0.014782660192189781
1462.0,0.014782660198011869
1463.0,0.014782660191357964
1464.0,0.014782660198265971
1465.0,0.014782660191811754
1466.0,0.014782660198301304
1467.0,0.014782660191876372
1468.0,0.014782660198167128
1469.0,0.014782660191959762
1470.0,0.014782660197709583
1471.0,0.01478266019057187
1472.0,0.014782660196650026
1473.0,0.014782660190391437
1474.0,0.014782660197087016
1475.0,0.014782660190848073
1476.0,0.014782660197612256
1477.0,0.014782660191479969
1478.0,0.014782660197859291
1479.0,0.01478266019171529
1480.0,0.014782660198379894
1481.0,0.014782660192090853
1482.0,0.014782660198786633
1483.0,0.014782660192503011
1484.0,0.014782660199040823
1485.0,0.014782660192628631
1486.0,0.01478266019901434
1487.0,0.014782660192076925
1488.0,0.014782660197798897
1489.0,0.014782660190500084
1490.0,0.014782660196577117
1491.0,0.014782660190075394
1492.0,0.014782660196941017
1493.0,0.014782660189752383
1494.0,0.01478266019567575
1495.0,0.014782660188625294
1496.0,0.014782660195203514
1497.0,0.014782660189061984
1498.0,0.014782660196098375
1499.0,0.014782660189727674
1500.0,0.01478266019666432
1501.0,0.01478266019054406
1502.0,0.014782660196990514
1503.0,0.0147826601906428
1504.0,0.014782660196817406
1505.0,0.014782660190427406
1506.0,0.014782660196540502
1507.0,0.014782660189957093
1508.0,0.014782660196259482
1509.0,0.014782660189637984
1510.0,0.014782660196457815
1511.0,0.014782660190503975
1512.0,0.01478266019776763
1513.0,0.014782660191479998
1514.0,0.01478266019758819
1515.0,0.014782660191084266
1516.0,0.01478266019770037
1517.0,0.014782660191173915
1518.0,0.014782660197268049
1519.0,0.014782660190615611
1520.0,0.014782660197228584
1521.0,0.014782660191265487
1522.0,0.014782660198790445
1523.0,0.014782660193304998
1524.0,0.014782660199948403
1525.0,0.014782660193336215
1526.0,0.014782660199645822
1527.0,0.014782660193264963
1528.0,0.014782660200026365
1529.0,0.014782660193489984
1530.0,0.014782660199608463
1531.0,0.014782660192538433
1532.0,0.014782660199270464
1533.0,0.014782660193152284
1534.0,0.014782660199981944
1535.0,0.014782660193896499
1536.0,0.014782660200356566
1537.0,0.014782660193824461
1538.0,0.014782660200179308
1539.0,0.01478266019357294
1540.0,0.014782660200129737
1541.0,0.01478266019397464
1542.0,0.014782660200660758
1543.0,0.014782660194297652
1544.0,0.014782660201338067
1545.0,0.01478266019498012
1546.0,0.014782660201626278
1547.0,0.01478266019471774
1548.0,0.014782660201464645
1549.0,0.014782660195881337
1550.0,0.014782660202963774
1551.0,0.014782660196780442
1552.0,0.014782660202778006
1553.0,0.014782660195929744
1554.0,0.014782660201927863
1555.0,0.014782660195317397
1556.0,0.014782660201420795
1557.0,0.01478266019469913
1558.0,0.014782660200692965
1559.0,0.014782660194137506
1560.0,0.014782660200388162
1561.0,0.014782660193981449
1562.0,0.014782660200509997
1563.0,0.014782660194258281
1564.0,0.014782660201274351
1565.0,0.014782660195071058
1566.0,0.014782660201710578
1567.0,0.014782660195377887
1568.0,0.014782660202008836
1569.0,0.01478266019548131
1570.0,0.014782660202195456
1571.0,0.01478266019546663
1572.0,0.01478266020103357
1573.0,0.014782660194355228
1574.0,0.014782660201230252
1575.0,0.014782660195435646
1576.0,0.014782660202471497
1577.0,0.01478266019639041
1578.0,0.014782660203130996
1579.0,0.014782660196439923
1580.0,0.014782660203362646
1581.0,0.014782660196994648
1582.0,0.014782660203437905
1583.0,0.014782660197294725
1584.0,0.014782660204191542
1585.0,0.014782660198302329
1586.0,0.014782660205091846
1587.0,0.014782660198543017
1588.0,0.014782660204529176
1589.0,0.014782660197482879
1590.0,0.014782660203550546
1591.0,0.01478266019751762
1592.0,0.014782660204697347
1593.0,0.014782660198794345
1594.0,0.01478266020619413
1595.0,0.014782660200472317
1596.0,0.014782660207495045
1597.0,0.01478266020074047
1598.0,0.01478266020686222
1599.0,0.014782660200702251
1600.0,0.014782660207682525
1601.0,0.014782660200984404
1602.0,0.014782660207298097
1603.0,0.014782660200385711
1604.0,0.014782660206655111
1605.0,0.014782660199723418
1606.0,0.014782660205714943
1607.0,0.014782660199028448
1608.0,0.014782660205034243
1609.0,0.014782660198303906
1610.0,0.014782660204674895
1611.0,0.014782660198159285
1612.0,0.014782660205056938
1613.0,0.014782660199159116
1614.0,0.014782660206320785
1615.0,0.014782660200223847
1616.0,0.014782660206480582
1617.0,0.014782660199878764
1618.0,0.014782660206681652
1619.0,0.0147826602003248
1620.0,0.01478266020648464
1621.0,0.014782660198880098
1622.0,0.014782660204575387
1623.0,0.014782660197540171
1624.0,0.014782660203082304
1625.0,0.01478266019536201
1626.0,0.014782660200587312
1627.0,0.014782660193355666
1628.0,0.01478266019889578
1629.0,0.014782660191660383
1630.0,0.014782660197793443
1631.0,0.014782660191003506
1632.0,0.014782660197585267
1633.0,0.01478266019147332
1634.0,0.014782660198196525
1635.0,0.014782660191606331
1636.0,0.014782660197824033
1637.0,0.014782660190547808
1638.0,0.014782660196138721
1639.0,0.014782660188892347
1640.0,0.014782660194999055
1641.0,0.01478266018831339
1642.0,0.014782660194633522
1643.0,0.014782660188970637
1644.0,0.014782660196067748
1645.0,0.014782660190188073
1646.0,0.01478266019667313
1647.0,0.014782660190012722
1648.0,0.014782660195830051
1649.0,0.014782660188853354
1650.0,0.014782660194581347
1651.0,0.01478266018741378
1652.0,0.014782660193658828
1653.0,0.014782660187395009
1654.0,0.014782660193996173
1655.0,0.014782660187374234
1656.0,0.01478266019392
1657.0,0.014782660187009126
1658.0,0.014782660193435871
1659.0,0.01478266018706651
1660.0,0.014782660193672796
1661.0,0.014782660187282673
1662.0,0.014782660194282864
1663.0,0.014782660188150843
1664.0,0.014782660194819964
1665.0,0.014782660189055876
1666.0,0.014782660196354375
1667.0,0.014782660190560536
1668.0,0.014782660197636355
1669.0,0.01478266019165252
1670.0,0.01478266019847871
1671.0,0.014782660192542218
1672.0,0.01478266019972643
1673.0,0.014782660194241879
1674.0,0.01478266020169929
1675.0,0.014782660196295623
1676.0,0.01478266020301285
1677.0,0.014782660196043667
1678.0,0.014782660202298403
1679.0,0.014782660195912152
1680.0,0.014782660202393508
1681.0,0.0147826601964119
1682.0,0.014782660203162127
1683.0,0.014782660196991489
1684.0,0.014782660203403962
1685.0,0.01478266019655242
1686.0,0.014782660202440217
1687.0,0.014782660195565065
1688.0,0.014782660201436693
1689.0,0.014782660194254327
1690.0,0.01478266020006726
1691.0,0.014782660193438536
1692.0,0.014782660199657977
1693.0,0.014782660192806154
1694.0,0.014782660199286961
1695.0,0.01478266019266586
1696.0,0.01478266019938833
1697.0,0.01478266019341185
1698.0,0.014782660199500756
1699.0,0.014782660193094025
1700.0,0.014782660199593903
1701.0,0.01478266019367109
1702.0,0.014782660200636979
1703.0,0.014782660194531193
1704.0,0.01478266020151377
1705.0,0.014782660195316658
1706.0,0.014782660202317619
1707.0,0.014782660196541685
1708.0,0.01478266020367561
1709.0,0.014782660197073043
1710.0,0.014782660203417368
1711.0,0.014782660196475431
1712.0,0.01478266020182206
1713.0,0.014782660194254489
1714.0,0.014782660199812824
1715.0,0.014782660193057021
1716.0,0.014782660199486793
1717.0,0.014782660193399893
1718.0,0.014782660200724005
1719.0,0.014782660195108314
1720.0,0.014782660201643467
1721.0,0.014782660195092527
1722.0,0.014782660201327985
1723.0,0.014782660194843021
1724.0,0.014782660201336653
1725.0,0.014782660195142149
1726.0,0.014782660201373627
1727.0,0.014782660194675005
1728.0,0.01478266020107444
1729.0,0.014782660194574158
1730.0,0.014782660201508023
1731.0,0.014782660195230867
1732.0,0.014782660201477492
1733.0,0.014782660195296263
1734.0,0.0147826602020659
1735.0,0.014782660195552959
1736.0,0.014782660201949299
1737.0,0.014782660195027334
1738.0,0.01478266020062988
1739.0,0.014782660193022084
1740.0,0.014782660198828417
1741.0,0.014782660192199586
1742.0,0.01478266019909374
1743.0,0.014782660193154478
1744.0,0.014782660199987769
1745.0,0.014782660193471733
1746.0,0.014782660200199166
1747.0,0.01478266019406354
1748.0,0.014782660201501742
1749.0,0.014782660195686735
1750.0,0.014782660202928467
1751.0,0.014782660197343138
1752.0,0.014782660204350411
1753.0,0.01478266019838033
1754.0,0.014782660205405428
1755.0,0.014782660199342103
1756.0,0.014782660206225928
1757.0,0.014782660200033547
1758.0,0.01478266020622901
1759.0,0.01478266019935637
1760.0,0.01478266020498841
1761.0,0.014782660197637175
1762.0,0.014782660203422403
1763.0,0.01478266019619721
1764.0,0.014782660202254997
1765.0,0.014782660195894274
1766.0,0.014782660202433259
1767.0,0.014782660195805751
1768.0,0.01478266020202866
1769.0,0.014782660195164287
1770.0,0.014782660200873937
1771.0,0.014782660193466605
1772.0,0.014782660199499042
1773.0,0.014782660192616023
1774.0,0.014782660198340479
1775.0,0.014782660190764726
1776.0,0.014782660196118126
1777.0,0.014782660188990469
1778.0,0.014782660195190582
1779.0,0.014782660188589399
1780.0,0.01478266019497225
1781.0,0.014782660188507522
1782.0,0.01478266019503967
1783.0,0.01478266018824479
1784.0,0.014782660194604868
1785.0,0.014782660187930827
1786.0,0.014782660194232656
1787.0,0.014782660187020288
1788.0,0.014782660193158251
1789.0,0.014782660186272882
1790.0,0.014782660192398616
1791.0,0.014782660185857886
1792.0,0.014782660192725136
1793.0,0.01478266018674655
1794.0,0.014782660193679934
1795.0,0.014782660187763976
1796.0,0.014782660195101627
1797.0,0.014782660188930253
1798.0,0.01478266019565835
1799.0,0.014782660188940703
1800.0,0.014782660195148085
1801.0,0.01478266018941935
1802.0,0.014782660196394298
1803.0,0.014782660190033981
1804.0,0.014782660196921378
1805.0,0.01478266019095494
1806.0,0.014782660197871248
1807.0,0.014782660192182733
1808.0,0.014782660199746084
1809.0,0.014782660194116674
1810.0,0.014782660201234348
1811.0,0.014782660195127448
1812.0,0.01478266020192815
1813.0,0.014782660195522334
1814.0,0.014782660202044603
1815.0,0.014782660195843372
1816.0,0.014782660202341346
1817.0,0.014782660196123348
1818.0,0.014782660203048434
1819.0,0.014782660196465326
1820.0,0.014782660202690158
1821.0,0.01478266019596586
1822.0,0.014782660201920829
1823.0,0.014782660194824986
1824.0,0.014782660201073074
1825.0,0.014782660194856813
1826.0,0.014782660201651138
1827.0,0.01478266019504201
1828.0,0.01478266020075332
1829.0,0.014782660193325367
1830.0,0.01478266019882243
1831.0,0.014782660191108571
1832.0,0.014782660196485754
1833.0,0.014782660189545481
1834.0,0.01478266019557532
1835.0,0.014782660188487041
1836.0,0.014782660194247971
1837.0,0.01478266018681388
1838.0,0.014782660192194179
1839.0,0.014782660184935115
1840.0,0.014782660190931572
1841.0,0.014782660183264474
1842.0,0.014782660188606491
1843.0,0.014782660181917907
1844.0,0.01478266018809091
1845.0,0.01478266018175445
1846.0,0.014782660188114503
1847.0,0.01478266018152167
1848.0,0.01478266018787841
1849.0,0.014782660181153082
1850.0,0.014782660187342669
1851.0,0.014782660180751082
1852.0,0.014782660186946722
1853.0,0.014782660180427135
1854.0,0.014782660186819969
1855.0,0.014782660180197627
1856.0,0.014782660186685427
1857.0,0.014782660180513534
1858.0,0.014782660187366238
1859.0,0.014782660181577097
1860.0,0.014782660188450824
1861.0,0.014782660182756499
1862.0,0.014782660189707149
1863.0,0.014782660184139993
1864.0,0.01478266019150108
1865.0,0.014782660185664324
1866.0,0.014782660192847838
1867.0,0.01478266018665621
1868.0,0.01478266019398751
1869.0,0.01478266018832889
1870.0,0.01478266019522393
1871.0,0.014782660188760897
1872.0,0.01478266019555045
1873.0,0.01478266018941075
1874.0,0.014782660196198371
1875.0,0.014782660190168011
1876.0,0.014782660197174672
1877.0,0.014782660191191134
1878.0,0.0147826601977402
1879.0,0.014782660191424532
1880.0,0.014782660198183615
1881.0,0.014782660191374747
1882.0,0.01478266019780511
1883.0,0.014782660190417995
1884.0,0.014782660195796838
1885.0,0.014782660188504673
1886.0,0.014782660194642751
1887.0,0.014782660188095
1888.0,0.014782660195431205
1889.0,0.01478266019012717
1890.0,0.014782660197465353
1891.0,0.014782660191850035
1892.0,0.014782660198476153
1893.0,0.014782660191831517
1894.0,0.014782660197997007
1895.0,0.014782660191200513
1896.0,0.014782660196789105
1897.0,0.014782660189767082
1898.0,0.01478266019556308
1899.0,0.014782660188646974
1900.0,0.014782660194963805
1901.0,0.014782660188429338
1902.0,0.014782660194862537
1903.0,0.014782660188568475
1904.0,0.01478266019553642
1905.0,0.014782660189692865
1906.0,0.014782660196602503
1907.0,0.01478266019018868
1908.0,0.014782660196725358
1909.0,0.014782660190990981
1910.0,0.014782660197989217
1911.0,0.014782660191966767
1912.0,0.014782660198750618
1913.0,0.014782660192636759
1914.0,0.014782660198871887
1915.0,0.01478266019229482
1916.0,0.014782660199046753
1917.0,0.014782660192806517
1918.0,0.014782660199473921
1919.0,0.014782660193055071
1920.0,0.014782660199598088
1921.0,0.014782660193528708
1922.0,0.014782660200251763
1923.0,0.01478266019418654
1924.0,0.014782660200816438
1925.0,0.01478266019455437
1926.0,0.014782660201123031
1927.0,0.014782660194562845
1928.0,0.014782660201478965
1929.0,0.014782660195026054
1930.0,0.014782660201085518
1931.0,0.014782660194295102
1932.0,0.014782660200031859
1933.0,0.01478266019258845
1934.0,0.014782660198524832
1935.0,0.014782660191966664
1936.0,0.014782660198659169
1937.0,0.014782660191730761
1938.0,0.014782660197729582
1939.0,0.014782660191211026
1940.0,0.014782660198071805
1941.0,0.014782660192161835
1942.0,0.014782660199241439
1943.0,0.014782660193200186
1944.0,0.014782660200383973
1945.0,0.014782660194309846
1946.0,0.014782660200821831
1947.0,0.01478266019426607
1948.0,0.014782660200216216
1949.0,0.014782660193467842
1950.0,0.014782660199449732
1951.0,0.014782660192242811
1952.0,0.014782660198242375
1953.0,0.014782660192087366
1954.0,0.014782660198528396
1955.0,0.014782660192239953
1956.0,0.014782660198699638
1957.0,0.01478266019242163
1958.0,0.014782660198895336
1959.0,0.014782660192837702
1960.0,0.014782660199633266
1961.0,0.014782660193537647
1962.0,0.01478266020031285
1963.0,0.014782660193996353
1964.0,0.01478266020049636
1965.0,0.01478266019449907
1966.0,0.014782660200970193
1967.0,0.01478266019457349
1968.0,0.014782660200989815
1969.0,0.014782660194464548
1970.0,0.014782660200907372
1971.0,0.014782660194577517
1972.0,0.01478266020141809
1973.0,0.014782660194710725
1974.0,0.01478266020092614
1975.0,0.014782660194689452
1976.0,0.014782660201381349
1977.0,0.014782660195488545
1978.0,0.01478266020273904
1979.0,0.01478266019650753
1980.0,0.01478266020298203
1981.0,0.014782660196248663
1982.0,0.01478266020239413
1983.0,0.014782660195325158
1984.0,0.014782660200919567
1985.0,0.014782660193981173
1986.0,0.014782660199563076
1987.0,0.014782660192300724
1988.0,0.014782660198147217
1989.0,0.014782660191791195
1990.0,0.014782660198784282
1991.0,0.01478266019228299
1992.0,0.014782660199326005
1993.0,0.014782660193244633
1994.0,0.014782660199982004
1995.0,0.01478266019388514
1996.0,0.014782660200501988
1997.0,0.01478266019414348
1998.0,0.014782660200396609
1999.0,0.014782660193230412
2000.0,0.014782660198598493
